time_hr,utilization,ambient_temp_C,room_temp_C,u_ctrl,p_cool_kW,q_delivered_kW
0.000000,0.691421,28.596194,22.000000,1.000000,145.068304,600.000000
0.083333,0.688303,28.494835,21.698311,1.000000,144.789312,600.000000
0.166667,0.685118,28.391336,21.396139,1.000000,144.505956,600.000000
0.250000,0.681869,28.285748,21.093436,1.000000,144.218453,600.000000
0.333333,0.678558,28.178119,20.790154,0.250000,26.606755,150.000000
0.416667,0.675185,28.068503,21.233752,0.250000,26.532968,150.000000
0.500000,0.671752,27.956949,21.671713,0.250000,26.458307,150.000000
0.583333,0.668262,27.843513,22.104027,0.250000,26.382825,150.000000
0.666667,0.664715,27.728247,22.530686,0.250000,26.306576,150.000000
0.750000,0.661114,27.611207,22.951682,0.250000,26.229614,150.000000
0.833333,0.657460,27.492447,23.367010,1.000000,142.107970,600.000000
0.916667,0.653755,27.372026,23.029158,1.000000,141.795053,600.000000
1.000000,0.650000,27.250000,22.690598,1.000000,141.479915,600.000000
1.083333,0.646198,27.126427,22.351292,1.000000,141.162766,600.000000
1.166667,0.642350,27.001366,22.011210,1.000000,140.843809,600.000000
1.250000,0.638458,26.874876,21.670320,1.000000,140.523248,600.000000
1.333333,0.634524,26.747019,21.328591,1.000000,140.201284,600.000000
1.416667,0.630549,26.617853,20.985996,0.250000,25.594529,150.000000
1.500000,0.626537,26.487442,21.390013,0.250000,25.513484,150.000000
1.583333,0.622488,26.355847,21.788147,0.250000,25.432236,150.000000
1.666667,0.618404,26.223131,22.180408,0.250000,25.350830,150.000000
1.750000,0.614288,26.089357,22.566805,0.250000,25.269315,150.000000
1.833333,0.610141,25.954588,22.947354,0.250000,25.187735,150.000000
1.916667,0.605966,25.818889,23.322067,1.000000,137.924543,600.000000
2.000000,0.601764,25.682324,22.943456,1.000000,137.598247,600.000000
2.083333,0.597537,25.544958,22.564010,1.000000,137.272223,600.000000
2.166667,0.593288,25.406857,22.183716,1.000000,136.946643,600.000000
2.250000,0.589018,25.268087,21.802560,1.000000,136.621673,600.000000
2.333333,0.584730,25.128713,21.420532,1.000000,136.297474,600.000000
2.416667,0.580425,24.988802,21.037623,1.000000,135.974207,600.000000
2.500000,0.576105,24.848420,20.653826,0.250000,24.538007,150.000000
2.583333,0.571773,24.707635,21.016641,0.250000,24.457771,150.000000
2.666667,0.567431,24.566512,21.373591,0.250000,24.377882,150.000000
2.750000,0.563081,24.425120,21.724707,0.250000,24.298376,150.000000
2.833333,0.558724,24.283526,22.070021,0.250000,24.219287,150.000000
2.916667,0.554363,24.141797,22.409567,0.250000,24.140651,150.000000
3.000000,0.550000,24.000000,22.743380,0.250000,24.062500,150.000000
3.083333,0.545637,23.858203,23.071496,1.000000,133.439467,600.000000
3.166667,0.541276,23.716474,22.646447,1.000000,133.131131,600.000000
3.250000,0.536919,23.574880,22.220745,1.000000,132.825113,600.000000
3.333333,0.532569,23.433488,21.794399,1.000000,132.521533,600.000000
3.416667,0.528227,23.292365,21.367416,1.000000,132.220506,600.000000
3.500000,0.523895,23.151580,20.939808,0.250000,23.605536,150.000000
3.583333,0.519575,23.011198,21.259093,0.250000,23.531638,150.000000
3.666667,0.515270,22.871287,21.572812,0.250000,23.458459,150.000000
3.750000,0.510982,22.731913,21.881015,0.250000,23.386024,150.000000
3.833333,0.506712,22.593143,22.183750,0.250000,23.314359,150.000000
3.916667,0.502463,22.455042,22.481069,0.250000,23.243486,150.000000
4.000000,0.498236,22.317676,22.773025,0.250000,23.173428,150.000000
4.083333,0.494034,22.181111,23.059670,1.000000,129.916828,600.000000
4.166667,0.489859,22.045412,22.593555,1.000000,129.643379,600.000000
4.250000,0.485712,21.910643,22.127208,1.000000,129.373446,600.000000
4.333333,0.481596,21.776869,21.660653,1.000000,129.107107,600.000000
4.416667,0.477512,21.644153,21.193917,1.000000,128.844439,600.000000
4.500000,0.473463,21.512558,20.727025,0.250000,22.771379,150.000000
4.583333,0.469451,21.382147,21.007513,0.250000,22.707601,150.000000
4.666667,0.465476,21.252981,21.282938,0.250000,22.644794,150.000000
4.750000,0.461542,21.125124,21.553363,0.250000,22.582974,150.000000
4.833333,0.457650,20.998634,21.818856,0.250000,22.522155,150.000000
4.916667,0.453802,20.873573,22.079480,0.250000,22.462354,150.000000
5.000000,0.450000,20.750000,22.335305,0.250000,22.403584,150.000000
5.083333,0.446245,20.627974,22.586399,0.250000,22.345860,150.000000
5.166667,0.442540,20.507553,22.832830,0.250000,22.289194,150.000000
5.250000,0.438886,20.388793,23.074669,1.000000,126.434396,600.000000
5.333333,0.435285,20.271753,22.564483,1.000000,126.216348,600.000000
5.416667,0.431738,20.156487,22.054815,1.000000,126.002678,600.000000
5.500000,0.428248,20.043051,21.545706,1.000000,125.793431,600.000000
5.583333,0.424815,19.931497,21.037196,1.000000,125.588649,600.000000
5.666667,0.421442,19.821881,20.529328,0.250000,21.972093,150.000000
5.750000,0.418131,19.714252,20.769651,0.250000,21.923159,150.000000
5.833333,0.414882,19.608664,21.005737,0.250000,21.875371,150.000000
5.916667,0.411697,19.505165,21.237664,0.250000,21.828735,150.000000
6.000000,0.408579,19.403806,21.465510,0.250000,21.783262,150.000000
6.083333,0.405527,19.304634,21.689356,0.250000,21.738959,150.000000
6.166667,0.402545,19.207697,21.909282,0.250000,21.695833,150.000000
6.250000,0.399632,19.113041,22.125368,0.250000,21.653891,150.000000
6.333333,0.396791,19.020711,22.337696,0.250000,21.613140,150.000000
6.416667,0.394023,18.930751,22.546348,0.250000,21.573587,150.000000
6.500000,0.391329,18.843203,22.751406,0.250000,21.535238,150.000000
6.583333,0.388711,18.758110,22.952954,0.250000,21.498098,150.000000
6.666667,0.386170,18.675512,23.151076,1.000000,123.348692,600.000000
6.750000,0.383706,18.595448,22.598349,1.000000,123.209872,600.000000
6.833333,0.381322,18.517956,22.047330,1.000000,123.075952,600.000000
6.916667,0.379018,18.443073,21.498071,1.000000,122.946949,600.000000
7.000000,0.376795,18.370835,20.950625,0.250000,21.330721,150.000000
7.083333,0.374655,18.301276,21.152550,0.250000,21.300942,150.000000
7.166667,0.372598,18.234430,21.351426,0.250000,21.272405,150.000000
7.250000,0.370625,18.170327,21.547341,0.250000,21.245113,150.000000
7.333333,0.368738,18.108999,21.740382,0.250000,21.219070,150.000000
7.416667,0.366938,18.050475,21.930635,0.250000,21.194279,150.000000
7.500000,0.365224,17.994783,22.118189,0.250000,21.170743,150.000000
7.583333,0.363598,17.941949,22.303129,0.250000,21.148464,150.000000
7.666667,0.362061,17.891998,22.485545,0.250000,21.127446,150.000000
7.750000,0.360614,17.844954,22.665524,0.250000,21.107690,150.000000
7.833333,0.359257,17.800840,22.843152,0.250000,21.089199,150.000000
7.916667,0.357990,17.759676,23.018518,1.000000,121.787899,600.000000
8.000000,0.356815,17.721482,22.444203,1.000000,121.724076,600.000000
8.083333,0.355732,17.686277,21.872767,1.000000,121.665336,600.000000
8.166667,0.354741,17.654076,21.304264,1.000000,121.611683,600.000000
8.250000,0.353843,17.624896,20.738749,0.250000,21.015781,150.000000
8.333333,0.353038,17.598750,20.923781,0.250000,21.004915,150.000000
8.416667,0.352328,17.575650,21.106942,0.250000,20.995326,150.000000
8.500000,0.351711,17.555608,21.288319,0.250000,20.987013,150.000000
8.583333,0.351189,17.538634,21.467999,0.250000,20.979977,150.000000
8.666667,0.350761,17.524734,21.646069,0.250000,20.974220,150.000000
8.750000,0.350428,17.513917,21.822615,0.250000,20.969742,150.000000
8.833333,0.350190,17.506187,21.997723,0.250000,20.966543,150.000000
8.916667,0.350048,17.501547,22.171477,0.250000,20.964623,150.000000
9.000000,0.350000,17.500000,22.343963,0.250000,20.963983,150.000000
9.083333,0.350048,17.501547,22.515265,0.250000,20.964623,150.000000
9.166667,0.350190,17.506187,22.685467,0.250000,20.966543,150.000000
9.250000,0.350428,17.513917,22.854651,0.250000,20.969742,150.000000
9.333333,0.350761,17.524734,23.022901,1.000000,121.396881,600.000000
9.416667,0.351189,17.538634,22.442793,1.000000,121.419910,600.000000
9.500000,0.351711,17.555608,21.866881,1.000000,121.448051,600.000000
9.583333,0.352328,17.575650,21.295212,1.000000,121.481303,600.000000
9.666667,0.353038,17.598750,20.727832,0.250000,21.004915,150.000000
9.750000,0.353843,17.624896,20.912295,0.250000,21.015781,150.000000
9.833333,0.354741,17.654076,21.096174,0.250000,21.027921,150.000000
9.916667,0.355732,17.686277,21.279547,0.250000,21.041334,150.000000
10.000000,0.356815,17.721482,21.462491,0.250000,21.056019,150.000000
10.083333,0.357990,17.759676,21.645084,0.250000,21.071975,150.000000
10.166667,0.359257,17.800840,21.827400,0.250000,21.089199,150.000000
10.250000,0.360614,17.844954,22.009515,0.250000,21.107690,150.000000
10.333333,0.362061,17.891998,22.191502,0.250000,21.127446,150.000000
10.416667,0.363598,17.941949,22.373435,0.250000,21.148464,150.000000
10.500000,0.365224,17.994783,22.555383,0.250000,21.170743,150.000000
10.583333,0.366938,18.050475,22.737419,0.250000,21.194279,150.000000
10.666667,0.368738,18.108999,22.919612,0.250000,21.219070,150.000000
10.750000,0.370625,18.170327,23.102030,1.000000,122.480452,600.000000
10.833333,0.372598,18.234430,22.537235,1.000000,122.589619,600.000000
10.916667,0.374655,18.301276,21.977765,1.000000,122.703767,600.000000
11.000000,0.376795,18.370835,21.423653,1.000000,122.822882,600.000000
11.083333,0.379018,18.443073,20.874929,0.250000,21.361737,150.000000
11.166667,0.381322,18.517956,21.079129,0.250000,21.393988,150.000000
11.250000,0.383706,18.595448,21.283809,0.250000,21.427468,150.000000
11.333333,0.386170,18.675512,21.489030,0.250000,21.462173,150.000000
11.416667,0.388711,18.758110,21.694852,0.250000,21.498098,150.000000
11.500000,0.391329,18.843203,21.901333,0.250000,21.535238,150.000000
11.583333,0.394023,18.930751,22.108529,0.250000,21.573587,150.000000
11.666667,0.396791,19.020711,22.316497,0.250000,21.613140,150.000000
11.750000,0.399632,19.113041,22.525290,0.250000,21.653891,150.000000
11.833333,0.402545,19.207697,22.734960,0.250000,21.695833,150.000000
11.916667,0.405527,19.304634,22.945560,0.250000,21.738959,150.000000
12.000000,0.408579,19.403806,23.157139,1.000000,124.633049,600.000000
12.083333,0.411697,19.505165,22.622239,1.000000,124.814942,600.000000
12.166667,0.414882,19.608664,22.093380,1.000000,125.001482,600.000000
12.250000,0.418131,19.714252,21.570575,1.000000,125.192637,600.000000
12.333333,0.421442,19.821881,21.053833,1.000000,125.388371,600.000000
12.416667,0.424815,19.931497,20.543166,0.250000,22.022162,150.000000
12.500000,0.428248,20.043051,20.786086,0.250000,22.073358,150.000000
12.583333,0.431738,20.156487,21.030129,0.250000,22.125670,150.000000
12.666667,0.435285,20.271753,21.275334,0.250000,22.179087,150.000000
12.750000,0.438886,20.388793,21.521737,0.250000,22.233599,150.000000
12.833333,0.442540,20.507553,21.769375,0.250000,22.289194,150.000000
12.916667,0.446245,20.627974,22.018281,0.250000,22.345860,150.000000
13.000000,0.450000,20.750000,22.268487,0.250000,22.403584,150.000000
13.083333,0.453802,20.873573,22.520024,0.250000,22.462354,150.000000
13.166667,0.457650,20.998634,22.772922,0.250000,22.522155,150.000000
13.250000,0.461542,21.125124,23.027207,1.000000,127.831894,600.000000
13.333333,0.465476,21.252981,22.535401,1.000000,128.079176,600.000000
13.416667,0.469451,21.382147,22.049999,1.000000,128.330405,600.000000
13.500000,0.473463,21.512558,21.570991,1.000000,128.585515,600.000000
13.583333,0.477512,21.644153,21.098366,1.000000,128.844439,600.000000
13.666667,0.481596,21.776869,20.632109,0.250000,22.901777,150.000000
13.750000,0.485712,21.910643,20.919712,0.250000,22.968361,150.000000
13.833333,0.489859,22.045412,21.208686,0.250000,23.035845,150.000000
13.916667,0.494034,22.181111,21.499046,0.250000,23.104207,150.000000
14.000000,0.498236,22.317676,21.790807,0.250000,23.173428,150.000000
14.083333,0.502463,22.455042,22.083978,0.250000,23.243486,150.000000
14.166667,0.506712,22.593143,22.378572,0.250000,23.314359,150.000000
14.250000,0.510982,22.731913,22.674597,0.250000,23.386024,150.000000
14.333333,0.515270,22.871287,22.972059,0.250000,23.458459,150.000000
14.416667,0.519575,23.011198,23.270965,1.000000,131.626550,600.000000
14.500000,0.523895,23.151580,22.823811,1.000000,131.922142,600.000000
14.583333,0.528227,23.292365,22.383072,1.000000,132.220506,600.000000
14.666667,0.532569,23.433488,21.948715,1.000000,132.521533,600.000000
14.750000,0.536919,23.574880,21.520707,1.000000,132.825113,600.000000
14.833333,0.541276,23.716474,21.099012,1.000000,133.131131,600.000000
14.916667,0.545637,23.858203,20.683592,0.250000,23.984867,150.000000
15.000000,0.550000,24.000000,21.021916,0.250000,24.062500,150.000000
15.083333,0.554363,24.141797,21.361470,0.250000,24.140651,150.000000
15.166667,0.558724,24.283526,21.702246,0.250000,24.219287,150.000000
15.250000,0.563081,24.425120,22.044236,0.250000,24.298376,150.000000
15.333333,0.567431,24.566512,22.387427,0.250000,24.377882,150.000000
15.416667,0.571773,24.707635,22.731807,0.250000,24.457771,150.000000
15.500000,0.576105,24.848420,23.077360,1.000000,135.652026,600.000000
15.583333,0.580425,24.988802,22.676566,1.000000,135.974207,600.000000
15.666667,0.584730,25.128713,22.281879,1.000000,136.297474,600.000000
15.750000,0.589018,25.268087,21.893247,1.000000,136.621673,600.000000
15.833333,0.593288,25.406857,21.510617,1.000000,136.946643,600.000000
15.916667,0.597537,25.544958,21.133933,1.000000,137.272223,600.000000
16.000000,0.601764,25.682324,20.763141,0.250000,25.024562,150.000000
16.083333,0.605966,25.818889,21.145688,0.250000,25.106136,150.000000
16.166667,0.610141,25.954588,21.529043,0.250000,25.187735,150.000000
16.250000,0.614288,26.089357,21.913181,0.250000,25.269315,150.000000
16.333333,0.618404,26.223131,22.298072,0.250000,25.350830,150.000000
16.416667,0.622488,26.355847,22.683688,0.250000,25.432236,150.000000
16.500000,0.626537,26.487442,23.069998,1.000000,139.553938,600.000000
16.583333,0.630549,26.617853,22.709463,1.000000,139.878116,600.000000
16.666667,0.634524,26.747019,22.354524,1.000000,140.201284,600.000000
16.750000,0.638458,26.874876,22.005112,1.000000,140.523248,600.000000
16.833333,0.642350,27.001366,21.661159,1.000000,140.843809,600.000000
16.916667,0.646198,27.126427,21.322594,1.000000,141.162766,600.000000
17.000000,0.650000,27.250000,20.989347,0.250000,25.994979,150.000000
17.083333,0.653755,27.372026,21.408852,0.250000,26.073763,150.000000
17.166667,0.657460,27.492447,21.828562,0.250000,26.151992,150.000000
17.250000,0.661114,27.611207,22.248439,0.250000,26.229614,150.000000
17.333333,0.664715,27.728247,22.668439,0.250000,26.306576,150.000000
17.416667,0.668262,27.843513,23.088520,1.000000,143.031299,600.000000
17.500000,0.671752,27.956949,22.761132,1.000000,143.333227,600.000000
17.583333,0.675185,28.068503,22.438702,1.000000,143.631872,600.000000
17.666667,0.678558,28.178119,22.121151,1.000000,143.927020,600.000000
17.750000,0.681869,28.285748,21.808400,1.000000,144.218453,600.000000
17.833333,0.685118,28.391336,21.500367,1.000000,144.505956,600.000000
17.916667,0.688303,28.494835,21.196972,1.000000,144.789312,600.000000
18.000000,0.691421,28.596194,20.898131,0.250000,26.892076,150.000000
18.083333,0.694473,28.695366,21.351269,0.250000,26.960679,150.000000
18.166667,0.697455,28.792303,21.803828,0.250000,27.028084,150.000000
18.250000,0.700368,28.886959,22.255759,0.250000,27.094236,150.000000
18.333333,0.703209,28.979289,22.707009,0.250000,27.159083,150.000000
18.416667,0.705977,29.069249,23.157526,1.000000,146.390286,600.000000
18.500000,0.708671,29.156797,22.859751,1.000000,146.638600,600.000000
18.583333,0.711289,29.241890,22.566102,1.000000,146.881065,600.000000
18.666667,0.713830,29.324488,22.276493,1.000000,147.117479,600.000000
18.750000,0.716294,29.404552,21.990834,1.000000,147.347639,600.000000
18.833333,0.718678,29.482044,21.709037,1.000000,147.571350,600.000000
18.916667,0.720982,29.556927,21.431014,1.000000,147.788415,600.000000
19.000000,0.723205,29.629165,21.156675,1.000000,147.998646,600.000000
19.083333,0.725345,29.698724,20.885931,0.250000,27.675464,150.000000
19.166667,0.727402,29.765570,21.366199,0.250000,27.724466,150.000000
19.250000,0.729375,29.829673,21.844915,0.250000,27.771623,150.000000
19.333333,0.731262,29.891001,22.322023,0.250000,27.816894,150.000000
19.416667,0.733062,29.949525,22.797466,0.250000,27.860235,150.000000
19.500000,0.734776,30.005217,23.271185,1.000000,149.106433,600.000000
19.583333,0.736402,30.058051,22.995617,1.000000,149.263897,600.000000
19.666667,0.737939,30.108002,22.723177,1.000000,149.413187,600.000000
19.750000,0.739386,30.155046,22.453772,1.000000,149.554161,600.000000
19.833333,0.740743,30.199160,22.187312,1.000000,149.686688,600.000000
19.916667,0.742010,30.240324,21.923704,1.000000,149.810640,600.000000
20.000000,0.743185,30.278518,21.662858,1.000000,149.925900,600.000000
20.083333,0.744268,30.313723,21.404682,1.000000,150.032356,600.000000
20.166667,0.745259,30.345924,21.149085,1.000000,150.129907,600.000000
20.250000,0.746157,30.375104,20.895976,0.250000,28.179614,150.000000
20.333333,0.746962,30.401250,21.392771,0.250000,28.199480,150.000000
20.416667,0.747672,30.424350,21.886906,0.250000,28.217055,150.000000
20.500000,0.748289,30.444392,22.378325,0.250000,28.232322,150.000000
20.583333,0.748811,30.461366,22.866970,0.250000,28.245265,150.000000
20.666667,0.749239,30.475266,23.352784,1.000000,150.523491,600.000000
20.750000,0.749572,30.486083,23.088207,1.000000,150.556536,600.000000
20.833333,0.749810,30.493813,22.825652,1.000000,150.580163,600.000000
20.916667,0.749952,30.498453,22.565032,1.000000,150.594348,600.000000
21.000000,0.750000,30.500000,22.306257,1.000000,150.599078,600.000000
21.083333,0.749952,30.498453,22.049240,1.000000,150.594348,600.000000
21.166667,0.749810,30.493813,21.793892,1.000000,150.580163,600.000000
21.250000,0.749572,30.486083,21.540127,1.000000,150.556536,600.000000
21.333333,0.749239,30.475266,21.287859,1.000000,150.523491,600.000000
21.416667,0.748811,30.461366,21.037002,1.000000,150.481061,600.000000
21.500000,0.748289,30.444392,20.787470,0.250000,28.232322,150.000000
21.583333,0.747672,30.424350,21.286686,0.250000,28.217055,150.000000
21.666667,0.746962,30.401250,21.782092,0.250000,28.199480,150.000000
21.750000,0.746157,30.375104,22.273641,0.250000,28.179614,150.000000
21.833333,0.745259,30.345924,22.761281,0.250000,28.157477,150.000000
21.916667,0.744268,30.313723,23.244966,1.000000,150.032356,600.000000
22.000000,0.743185,30.278518,22.977142,1.000000,149.925900,600.000000
22.083333,0.742010,30.240324,22.710233,1.000000,149.810640,600.000000
22.166667,0.740743,30.199160,22.444160,1.000000,149.686688,600.000000
22.250000,0.739386,30.155046,22.178846,1.000000,149.554161,600.000000
22.333333,0.737939,30.108002,21.914212,1.000000,149.413187,600.000000
22.416667,0.736402,30.058051,21.650183,1.000000,149.263897,600.000000
22.500000,0.734776,30.005217,21.386682,1.000000,149.106433,600.000000
22.583333,0.733062,29.949525,21.123636,1.000000,148.940941,600.000000
22.666667,0.731262,29.891001,20.860972,0.250000,27.816894,150.000000
22.750000,0.729375,29.829673,21.346122,0.250000,27.771623,150.000000
22.833333,0.727402,29.765570,21.826544,0.250000,27.724466,150.000000
22.916667,0.725345,29.698724,22.302202,0.250000,27.675464,150.000000
23.000000,0.723205,29.629165,22.773059,0.250000,27.624661,150.000000
23.083333,0.720982,29.556927,23.239081,1.000000,147.788415,600.000000
23.166667,0.718678,29.482044,22.952728,1.000000,147.571350,600.000000
23.250000,0.716294,29.404552,22.666441,1.000000,147.347639,600.000000
23.333333,0.713830,29.324488,22.380156,1.000000,147.117479,600.000000
23.416667,0.711289,29.241890,22.093808,1.000000,146.881065,600.000000
23.500000,0.708671,29.156797,21.807336,1.000000,146.638600,600.000000
23.583333,0.705977,29.069249,21.520680,1.000000,146.390286,600.000000
23.666667,0.703209,28.979289,21.233781,1.000000,146.136331,600.000000
23.750000,0.700368,28.886959,20.946582,0.250000,27.094236,150.000000
23.833333,0.697455,28.792303,21.406531,0.250000,27.028084,150.000000
23.916667,0.694473,28.695366,21.861101,0.250000,26.960679,150.000000
24.000000,0.691421,28.596194,22.310273,0.250000,26.892076,150.000000
24.083333,0.688303,28.494835,22.754028,0.250000,26.822328,150.000000
24.166667,0.685118,28.391336,23.192347,1.000000,144.505956,600.000000
24.250000,0.681869,28.285748,22.877709,1.000000,144.218453,600.000000
24.333333,0.678558,28.178119,22.562571,1.000000,143.927020,600.000000
24.416667,0.675185,28.068503,22.246887,1.000000,143.631872,600.000000
24.500000,0.671752,27.956949,21.930611,1.000000,143.333227,600.000000
24.583333,0.668262,27.843513,21.613699,1.000000,143.031299,600.000000
24.666667,0.664715,27.728247,21.296111,1.000000,142.726305,600.000000
24.750000,0.661114,27.611207,20.977805,0.250000,26.229614,150.000000
24.833333,0.657460,27.492447,21.406247,0.250000,26.151992,150.000000
24.916667,0.653755,27.372026,21.828930,0.250000,26.073763,150.000000
25.000000,0.650000,27.250000,22.245849,0.250000,25.994979,150.000000
25.083333,0.646198,27.126427,22.657005,0.250000,25.915691,150.000000
25.166667,0.642350,27.001366,23.062397,1.000000,140.843809,600.000000
25.250000,0.638458,26.874876,22.714522,1.000000,140.523248,600.000000
25.333333,0.634524,26.747019,22.365855,1.000000,140.201284,600.000000
25.416667,0.630549,26.617853,22.016367,1.000000,139.878116,600.000000
25.500000,0.626537,26.487442,21.666033,1.000000,139.553938,600.000000
25.583333,0.622488,26.355847,21.314828,1.000000,139.228943,600.000000
25.666667,0.618404,26.223131,20.962727,0.250000,25.350830,150.000000
25.750000,0.614288,26.089357,21.357216,0.250000,25.269315,150.000000
25.833333,0.610141,25.954588,21.745802,0.250000,25.187735,150.000000
25.916667,0.605966,25.818889,22.128499,0.250000,25.106136,150.000000
26.000000,0.601764,25.682324,22.505324,0.250000,25.024562,150.000000
26.083333,0.597537,25.544958,22.876295,0.250000,24.943056,150.000000
26.166667,0.593288,25.406857,23.241431,1.000000,136.946643,600.000000
26.250000,0.589018,25.268087,22.853247,1.000000,136.621673,600.000000
26.333333,0.584730,25.128713,22.464238,1.000000,136.297474,600.000000
26.416667,0.580425,24.988802,22.074394,1.000000,135.974207,600.000000
26.500000,0.576105,24.848420,21.683709,1.000000,135.652026,600.000000
26.583333,0.571773,24.707635,21.292175,1.000000,135.331084,600.000000
26.666667,0.567431,24.566512,20.899788,0.250000,24.377882,150.000000
26.750000,0.563081,24.425120,21.254052,0.250000,24.298376,150.000000
26.833333,0.558724,24.283526,21.602494,0.250000,24.219287,150.000000
26.916667,0.554363,24.141797,21.945146,0.250000,24.140651,150.000000
27.000000,0.550000,24.000000,22.282045,0.250000,24.062500,150.000000
27.083333,0.545637,23.858203,22.613226,0.250000,23.984867,150.000000
27.166667,0.541276,23.716474,22.938728,0.250000,23.907783,150.000000
27.250000,0.536919,23.574880,23.258590,1.000000,132.825113,600.000000
27.333333,0.532569,23.433488,22.825347,1.000000,132.521533,600.000000
27.416667,0.528227,23.292365,22.391514,1.000000,132.220506,600.000000
27.500000,0.523895,23.151580,21.957102,1.000000,131.922142,600.000000
27.583333,0.519575,23.011198,21.522122,1.000000,131.626550,600.000000
27.666667,0.515270,22.871287,21.086588,1.000000,131.333835,600.000000
27.750000,0.510982,22.731913,20.650515,0.250000,23.386024,150.000000
27.833333,0.506712,22.593143,20.961427,0.250000,23.314359,150.000000
27.916667,0.502463,22.455042,21.266868,0.250000,23.243486,150.000000
28.000000,0.498236,22.317676,21.566891,0.250000,23.173428,150.000000
28.083333,0.494034,22.181111,21.861551,0.250000,23.104207,150.000000
28.166667,0.489859,22.045412,22.150902,0.250000,23.035845,150.000000
28.250000,0.485712,21.910643,22.435002,0.250000,22.968361,150.000000
28.333333,0.481596,21.776869,22.713907,0.250000,22.901777,150.000000
28.416667,0.477512,21.644153,22.987678,0.250000,22.836110,150.000000
28.500000,0.473463,21.512558,23.256373,1.000000,128.585515,600.000000
28.583333,0.469451,21.382147,22.772549,1.000000,128.330405,600.000000
28.666667,0.465476,21.252981,22.288741,1.000000,128.079176,600.000000
28.750000,0.461542,21.125124,21.804978,1.000000,127.831894,600.000000
28.833333,0.457650,20.998634,21.321292,1.000000,127.588621,600.000000
28.916667,0.453802,20.873573,20.837718,0.250000,22.462354,150.000000
29.000000,0.450000,20.750000,21.101793,0.250000,22.403584,150.000000
29.083333,0.446245,20.627974,21.361083,0.250000,22.345860,150.000000
29.166667,0.442540,20.507553,21.615656,0.250000,22.289194,150.000000
29.250000,0.438886,20.388793,21.865583,0.250000,22.233599,150.000000
29.333333,0.435285,20.271753,22.110936,0.250000,22.179087,150.000000
29.416667,0.431738,20.156487,22.351787,0.250000,22.125670,150.000000
29.500000,0.428248,20.043051,22.588210,0.250000,22.073358,150.000000
29.583333,0.424815,19.931497,22.820279,0.250000,22.022162,150.000000
29.666667,0.421442,19.821881,23.048069,1.000000,125.388371,600.000000
29.750000,0.418131,19.714252,22.524151,1.000000,125.192637,600.000000
29.833333,0.414882,19.608664,22.001073,1.000000,125.001482,600.000000
29.916667,0.411697,19.505165,21.478881,1.000000,124.814942,600.000000
30.000000,0.408579,19.403806,20.957619,0.250000,21.783262,150.000000
30.083333,0.405527,19.304634,21.184840,0.250000,21.738959,150.000000
30.166667,0.402545,19.207697,21.408117,0.250000,21.695833,150.000000
30.250000,0.399632,19.113041,21.627533,0.250000,21.653891,150.000000
30.333333,0.396791,19.020711,21.843169,0.250000,21.613140,150.000000
30.416667,0.394023,18.930751,22.055107,0.250000,21.573587,150.000000
30.500000,0.391329,18.843203,22.263430,0.250000,21.535238,150.000000
30.583333,0.388711,18.758110,22.468220,0.250000,21.498098,150.000000
30.666667,0.386170,18.675512,22.669562,0.250000,21.462173,150.000000
30.750000,0.383706,18.595448,22.867540,0.250000,21.427468,150.000000
30.833333,0.381322,18.517956,23.062239,1.000000,123.075952,600.000000
30.916667,0.379018,18.443073,22.506236,1.000000,122.946949,600.000000
31.000000,0.376795,18.370835,21.952091,1.000000,122.822882,600.000000
31.083333,0.374655,18.301276,21.399856,1.000000,122.703767,600.000000
31.166667,0.372598,18.234430,20.849584,0.250000,21.272405,150.000000
31.250000,0.370625,18.170327,21.048833,0.250000,21.245113,150.000000
31.333333,0.368738,18.108999,21.245186,0.250000,21.219070,150.000000
31.416667,0.366938,18.050475,21.438730,0.250000,21.194279,150.000000
31.500000,0.365224,17.994783,21.629552,0.250000,21.170743,150.000000
31.583333,0.363598,17.941949,21.817739,0.250000,21.148464,150.000000
31.666667,0.362061,17.891998,22.003380,0.250000,21.127446,150.000000
31.750000,0.360614,17.844954,22.186562,0.250000,21.107690,150.000000
31.833333,0.359257,17.800840,22.367373,0.250000,21.089199,150.000000
31.916667,0.357990,17.759676,22.545900,0.250000,21.071975,150.000000
32.000000,0.356815,17.721482,22.722231,0.250000,21.056019,150.000000
32.083333,0.355732,17.686277,22.896453,0.250000,21.041334,150.000000
32.166667,0.354741,17.654076,23.068654,1.000000,121.611683,600.000000
32.250000,0.353843,17.624896,22.491416,1.000000,121.563123,600.000000
32.333333,0.353038,17.598750,21.917296,1.000000,121.519662,600.000000
32.416667,0.352328,17.575650,21.346350,1.000000,121.481303,600.000000
32.500000,0.351711,17.555608,20.778631,0.250000,20.987013,150.000000
32.583333,0.351189,17.538634,20.961698,0.250000,20.979977,150.000000
32.666667,0.350761,17.524734,21.143133,0.250000,20.974220,150.000000
32.750000,0.350428,17.513917,21.323020,0.250000,20.969742,150.000000
32.833333,0.350190,17.506187,21.501447,0.250000,20.966543,150.000000
32.916667,0.350048,17.501547,21.678499,0.250000,20.964623,150.000000
33.000000,0.350000,17.500000,21.854261,0.250000,20.963983,150.000000
33.083333,0.350048,17.501547,22.028816,0.250000,20.964623,150.000000
33.166667,0.350190,17.506187,22.202250,0.250000,20.966543,150.000000
33.250000,0.350428,17.513917,22.374646,0.250000,20.969742,150.000000
33.333333,0.350761,17.524734,22.546085,0.250000,20.974220,150.000000
33.416667,0.351189,17.538634,22.716651,0.250000,20.979977,150.000000
33.500000,0.351711,17.555608,22.886424,0.250000,20.987013,150.000000
33.583333,0.352328,17.575650,23.055486,1.000000,121.481303,600.000000
33.666667,0.353038,17.598750,22.476411,1.000000,121.519662,600.000000
33.750000,0.353843,17.624896,21.901750,1.000000,121.563123,600.000000
33.833333,0.354741,17.654076,21.331549,1.000000,121.611683,600.000000
33.916667,0.355732,17.686277,20.765852,0.250000,21.041334,150.000000
34.000000,0.356815,17.721482,20.952210,0.250000,21.056019,150.000000
34.083333,0.357990,17.759676,21.138193,0.250000,21.071975,150.000000
34.166667,0.359257,17.800840,21.323877,0.250000,21.089199,150.000000
34.250000,0.360614,17.844954,21.509338,0.250000,21.107690,150.000000
34.333333,0.362061,17.891998,21.694648,0.250000,21.127446,150.000000
34.416667,0.363598,17.941949,21.879882,0.250000,21.148464,150.000000
34.500000,0.365224,17.994783,22.065110,0.250000,21.170743,150.000000
34.583333,0.366938,18.050475,22.250403,0.250000,21.194279,150.000000
34.666667,0.368738,18.108999,22.435832,0.250000,21.219070,150.000000
34.750000,0.370625,18.170327,22.621465,0.250000,21.245113,150.000000
34.833333,0.372598,18.234430,22.807368,0.250000,21.272405,150.000000
34.916667,0.374655,18.301276,22.993609,0.250000,21.300942,150.000000
35.000000,0.376795,18.370835,23.180253,1.000000,122.822882,600.000000
35.083333,0.379018,18.443073,22.619857,1.000000,122.946949,600.000000
35.166667,0.381322,18.517956,22.064957,1.000000,123.075952,600.000000
35.250000,0.383706,18.595448,21.515581,1.000000,123.209872,600.000000
35.333333,0.386170,18.675512,20.971757,0.250000,21.462173,150.000000
35.416667,0.388711,18.758110,21.181016,0.250000,21.498098,150.000000
35.500000,0.391329,18.843203,21.390911,0.250000,21.535238,150.000000
35.583333,0.394023,18.930751,21.601499,0.250000,21.573587,150.000000
35.666667,0.396791,19.020711,21.812836,0.250000,21.613140,150.000000
35.750000,0.399632,19.113041,22.024975,0.250000,21.653891,150.000000
35.833333,0.402545,19.207697,22.237970,0.250000,21.695833,150.000000
35.916667,0.405527,19.304634,22.451872,0.250000,21.738959,150.000000
36.000000,0.408579,19.403806,22.666731,0.250000,21.783262,150.000000
36.083333,0.411697,19.505165,22.882595,0.250000,21.828735,150.000000
36.166667,0.414882,19.608664,23.099512,1.000000,125.001482,600.000000
36.250000,0.418131,19.714252,22.570021,1.000000,125.192637,600.000000
36.333333,0.421442,19.821881,22.046639,1.000000,125.388371,600.000000
36.416667,0.424815,19.931497,21.529375,1.000000,125.588649,600.000000
36.500000,0.428248,20.043051,21.018237,1.000000,125.793431,600.000000
36.583333,0.431738,20.156487,20.513232,0.250000,22.125670,150.000000
36.666667,0.435285,20.271753,20.761871,0.250000,22.179087,150.000000
36.750000,0.438886,20.388793,21.011686,0.250000,22.233599,150.000000
36.833333,0.442540,20.507553,21.262713,0.250000,22.289194,150.000000
36.916667,0.446245,20.627974,21.514985,0.250000,22.345860,150.000000
37.000000,0.450000,20.750000,21.768535,0.250000,22.403584,150.000000
37.083333,0.453802,20.873573,22.023394,0.250000,22.462354,150.000000
37.166667,0.457650,20.998634,22.279592,0.250000,22.522155,150.000000
37.250000,0.461542,21.125124,22.537155,0.250000,22.582974,150.000000
37.333333,0.465476,21.252981,22.796111,0.250000,22.644794,150.000000
37.416667,0.469451,21.382147,23.056482,1.000000,128.330405,600.000000
37.500000,0.473463,21.512558,22.570787,1.000000,128.585515,600.000000
37.583333,0.477512,21.644153,22.091518,1.000000,128.844439,600.000000
37.666667,0.481596,21.776869,21.618663,1.000000,129.107107,600.000000
37.750000,0.485712,21.910643,21.152205,1.000000,129.373446,600.000000
37.833333,0.489859,22.045412,20.692129,0.250000,23.035845,150.000000
37.916667,0.494034,22.181111,20.985921,0.250000,23.104207,150.000000
38.000000,0.498236,22.317676,21.281091,0.250000,23.173428,150.000000
38.083333,0.502463,22.455042,21.577649,0.250000,23.243486,150.000000
38.166667,0.506712,22.593143,21.875608,0.250000,23.314359,150.000000
38.250000,0.510982,22.731913,22.174974,0.250000,23.386024,150.000000
38.333333,0.515270,22.871287,22.475756,0.250000,23.458459,150.000000
38.416667,0.519575,23.011198,22.777959,0.250000,23.531638,150.000000
38.500000,0.523895,23.151580,23.081586,1.000000,131.922142,600.000000
38.583333,0.528227,23.292365,22.639135,1.000000,132.220506,600.000000
38.666667,0.532569,23.433488,22.203077,1.000000,132.521533,600.000000
38.750000,0.536919,23.574880,21.773379,1.000000,132.825113,600.000000
38.833333,0.541276,23.716474,21.350005,1.000000,133.131131,600.000000
38.916667,0.545637,23.858203,20.932917,0.250000,23.984867,150.000000
39.000000,0.550000,24.000000,21.269584,0.250000,24.062500,150.000000
39.083333,0.554363,24.141797,21.607493,0.250000,24.140651,150.000000
39.166667,0.558724,24.283526,21.946635,0.250000,24.219287,150.000000
39.250000,0.563081,24.425120,22.287000,0.250000,24.298376,150.000000
39.333333,0.567431,24.566512,22.628578,0.250000,24.377882,150.000000
39.416667,0.571773,24.707635,22.971355,0.250000,24.457771,150.000000
39.500000,0.576105,24.848420,23.315317,1.000000,135.652026,600.000000
39.583333,0.580425,24.988802,22.912942,1.000000,135.974207,600.000000
39.666667,0.584730,25.128713,22.516685,1.000000,136.297474,600.000000
39.750000,0.589018,25.268087,22.126492,1.000000,136.621673,600.000000
39.833333,0.593288,25.406857,21.742312,1.000000,136.946643,600.000000
39.916667,0.597537,25.544958,21.364089,1.000000,137.272223,600.000000
40.000000,0.601764,25.682324,20.991768,0.250000,25.024562,150.000000
40.083333,0.605966,25.818889,21.372795,0.250000,25.106136,150.000000
40.166667,0.610141,25.954588,21.754642,0.250000,25.187735,150.000000
40.250000,0.614288,26.089357,22.137280,0.250000,25.269315,150.000000
40.333333,0.618404,26.223131,22.520683,0.250000,25.350830,150.000000
40.416667,0.622488,26.355847,22.904819,0.250000,25.432236,150.000000
40.500000,0.626537,26.487442,23.289660,1.000000,139.553938,600.000000
40.583333,0.630549,26.617853,22.927666,1.000000,139.878116,600.000000
40.666667,0.634524,26.747019,22.571277,1.000000,140.201284,600.000000
40.750000,0.638458,26.874876,22.220425,1.000000,140.523248,600.000000
40.833333,0.642350,27.001366,21.875041,1.000000,140.843809,600.000000
40.916667,0.646198,27.126427,21.535055,1.000000,141.162766,600.000000
41.000000,0.650000,27.250000,21.200396,1.000000,141.479915,600.000000
41.083333,0.653755,27.372026,20.870993,0.250000,26.073763,150.000000
41.166667,0.657460,27.492447,21.294277,0.250000,26.151992,150.000000
41.250000,0.661114,27.611207,21.717704,0.250000,26.229614,150.000000
41.333333,0.664715,27.728247,22.141230,0.250000,26.306576,150.000000
41.416667,0.668262,27.843513,22.564814,0.250000,26.382825,150.000000
41.500000,0.671752,27.956949,22.988411,0.250000,26.458307,150.000000
41.583333,0.675185,28.068503,23.411977,1.000000,143.631872,600.000000
41.666667,0.678558,28.178119,23.087960,1.000000,143.927020,600.000000
41.750000,0.681869,28.285748,22.768784,1.000000,144.218453,600.000000
41.833333,0.685118,28.391336,22.454370,1.000000,144.505956,600.000000
41.916667,0.688303,28.494835,22.144636,1.000000,144.789312,600.000000
42.000000,0.691421,28.596194,21.839499,1.000000,145.068304,600.000000
42.083333,0.694473,28.695366,21.538876,1.000000,145.342717,600.000000
42.166667,0.697455,28.792303,21.242683,1.000000,145.612335,600.000000
42.250000,0.700368,28.886959,20.950837,0.250000,27.094236,150.000000
42.333333,0.703209,28.979289,21.410757,0.250000,27.159083,150.000000
42.416667,0.705977,29.069249,21.869887,0.250000,27.222571,150.000000
42.500000,0.708671,29.156797,22.328174,0.250000,27.284650,150.000000
42.583333,0.711289,29.241890,22.785563,0.250000,27.345266,150.000000
42.666667,0.713830,29.324488,23.242000,1.000000,147.117479,600.000000
42.750000,0.716294,29.404552,22.949926,1.000000,147.347639,600.000000
42.833333,0.718678,29.482044,22.661757,1.000000,147.571350,600.000000
42.916667,0.720982,29.556927,22.377403,1.000000,147.788415,600.000000
43.000000,0.723205,29.629165,22.096776,1.000000,147.998646,600.000000
43.083333,0.725345,29.698724,21.819786,1.000000,148.201855,600.000000
43.166667,0.727402,29.765570,21.546343,1.000000,148.397864,600.000000
43.250000,0.729375,29.829673,21.276356,1.000000,148.586494,600.000000
43.333333,0.731262,29.891001,21.009737,1.000000,148.767575,600.000000
43.416667,0.733062,29.949525,20.746393,0.250000,27.860235,150.000000
43.500000,0.734776,30.005217,21.233741,0.250000,27.901608,150.000000
43.583333,0.736402,30.058051,21.719217,0.250000,27.940974,150.000000
43.666667,0.737939,30.108002,22.202763,0.250000,27.978297,150.000000
43.750000,0.739386,30.155046,22.684322,0.250000,28.013540,150.000000
43.833333,0.740743,30.199160,23.163835,1.000000,149.686688,600.000000
43.916667,0.742010,30.240324,22.893739,1.000000,149.810640,600.000000
44.000000,0.743185,30.278518,22.626447,1.000000,149.925900,600.000000
44.083333,0.744268,30.313723,22.361868,1.000000,150.032356,600.000000
44.166667,0.745259,30.345924,22.099911,1.000000,150.129907,600.000000
44.250000,0.746157,30.375104,21.840485,1.000000,150.218457,600.000000
44.333333,0.746962,30.401250,21.583498,1.000000,150.297920,600.000000
44.416667,0.747672,30.424350,21.328861,1.000000,150.368220,600.000000
44.500000,0.748289,30.444392,21.076482,1.000000,150.429287,600.000000
44.583333,0.748811,30.461366,20.826271,0.250000,28.245265,150.000000
44.666667,0.749239,30.475266,21.325645,0.250000,28.255873,150.000000
44.750000,0.749572,30.486083,21.822042,0.250000,28.264134,150.000000
44.833333,0.749810,30.493813,22.315406,0.250000,28.270041,150.000000
44.916667,0.749952,30.498453,22.805682,0.250000,28.273587,150.000000
45.000000,0.750000,30.500000,23.292814,1.000000,150.599078,600.000000
45.083333,0.749952,30.498453,23.029241,1.000000,150.594348,600.000000
45.166667,0.749810,30.493813,22.767382,1.000000,150.580163,600.000000
45.250000,0.749572,30.486083,22.507149,1.000000,150.556536,600.000000
45.333333,0.749239,30.475266,22.248455,1.000000,150.523491,600.000000
45.416667,0.748811,30.461366,21.991215,1.000000,150.481061,600.000000
45.500000,0.748289,30.444392,21.735343,1.000000,150.429287,600.000000
45.583333,0.747672,30.424350,21.480755,1.000000,150.368220,600.000000
45.666667,0.746962,30.401250,21.227367,1.000000,150.297920,600.000000
45.750000,0.746157,30.375104,20.975096,0.250000,28.179614,150.000000
45.833333,0.745259,30.345924,21.471364,0.250000,28.157477,150.000000
45.916667,0.744268,30.313723,21.963620,0.250000,28.133089,150.000000
46.000000,0.743185,30.278518,22.451815,0.250000,28.106475,150.000000
46.083333,0.742010,30.240324,22.935902,0.250000,28.077660,150.000000
46.166667,0.740743,30.199160,23.415836,1.000000,149.686688,600.000000
46.250000,0.739386,30.155046,23.144065,1.000000,149.554161,600.000000
46.333333,0.737939,30.108002,22.873018,1.000000,149.413187,600.000000
46.416667,0.736402,30.058051,22.602618,1.000000,149.263897,600.000000
46.500000,0.734776,30.005217,22.332789,1.000000,149.106433,600.000000
46.583333,0.733062,29.949525,22.063456,1.000000,148.940941,600.000000
46.666667,0.731262,29.891001,21.794547,1.000000,148.767575,600.000000
46.750000,0.729375,29.829673,21.525989,1.000000,148.586494,600.000000
46.833333,0.727402,29.765570,21.257711,1.000000,148.397864,600.000000
46.916667,0.725345,29.698724,20.989642,0.250000,27.675464,150.000000
47.000000,0.723205,29.629165,21.469220,0.250000,27.624661,150.000000
47.083333,0.720982,29.556927,21.943906,0.250000,27.572104,150.000000
47.166667,0.718678,29.482044,22.413665,0.250000,27.517837,150.000000
47.250000,0.716294,29.404552,22.878465,0.250000,27.461910,150.000000
47.333333,0.713830,29.324488,23.338276,1.000000,147.117479,600.000000
47.416667,0.711289,29.241890,23.045562,1.000000,146.881065,600.000000
47.500000,0.708671,29.156797,22.752766,1.000000,146.638600,600.000000
47.583333,0.705977,29.069249,22.459829,1.000000,146.390286,600.000000
47.666667,0.703209,28.979289,22.166690,1.000000,146.136331,600.000000
47.750000,0.700368,28.886959,21.873291,1.000000,145.876943,600.000000
47.833333,0.697455,28.792303,21.579577,1.000000,145.612335,600.000000
47.916667,0.694473,28.695366,21.285492,1.000000,145.342717,600.000000
48.000000,0.691421,36.596194,20.990983,0.250000,33.880214,150.000000
48.083333,0.688303,36.494835,21.496660,0.250000,33.768496,150.000000
48.166667,0.685118,36.391336,21.996490,0.250000,33.655193,150.000000
48.250000,0.681869,36.285748,22.490459,0.250000,33.540397,150.000000
48.333333,0.678558,36.178119,22.978556,0.250000,33.424201,150.000000
48.416667,0.675185,36.068503,23.460769,1.000000,170.726797,600.000000
48.500000,0.671752,35.956949,23.189583,1.000000,170.251931,600.000000
48.583333,0.668262,35.843513,22.917463,1.000000,169.772573,600.000000
48.666667,0.664715,35.728247,22.644367,1.000000,169.289085,600.000000
48.750000,0.661114,35.611207,22.370258,1.000000,168.801827,600.000000
48.833333,0.657460,35.492447,22.095099,1.000000,168.311153,600.000000
48.916667,0.653755,35.372026,21.818855,1.000000,167.817413,600.000000
49.000000,0.650000,35.250000,21.541492,1.000000,167.320955,600.000000
49.083333,0.646198,35.126427,21.262978,1.000000,166.822118,600.000000
49.166667,0.642350,35.001366,20.983283,0.250000,32.205310,150.000000
49.250000,0.638458,34.874876,21.449884,0.250000,32.079662,150.000000
49.333333,0.634524,34.747019,21.910281,0.250000,31.953666,150.000000
49.416667,0.630549,34.617853,22.364483,0.250000,31.827403,150.000000
49.500000,0.626537,34.487442,22.812497,0.250000,31.700951,150.000000
49.583333,0.622488,34.355847,23.254335,1.000000,163.797541,600.000000
49.666667,0.618404,34.223131,22.942504,1.000000,163.291124,600.000000
49.750000,0.614288,34.089357,22.629488,1.000000,162.784846,600.000000
49.833333,0.610141,33.954588,22.315270,1.000000,162.278991,600.000000
49.916667,0.605966,33.818889,21.999834,1.000000,161.773838,600.000000
50.000000,0.601764,33.682324,21.683165,1.000000,161.269659,600.000000
50.083333,0.597537,33.544958,21.365249,1.000000,160.766718,600.000000
50.166667,0.593288,33.406857,21.046075,1.000000,160.265272,600.000000
50.250000,0.589018,33.268087,20.725635,0.250000,30.566393,150.000000
50.333333,0.584730,33.128713,21.151424,0.250000,30.441965,150.000000
50.416667,0.580425,32.988802,21.570965,0.250000,30.318094,150.000000
50.500000,0.576105,32.848420,21.984285,0.250000,30.194836,150.000000
50.583333,0.571773,32.707635,22.391416,0.250000,30.072247,150.000000
50.666667,0.567431,32.566512,22.792387,0.250000,29.950380,150.000000
50.750000,0.563081,32.425120,23.187232,1.000000,156.817154,600.000000
50.833333,0.558724,32.283526,22.828479,1.000000,156.336086,600.000000
50.916667,0.554363,32.141797,22.468635,1.000000,155.858510,600.000000
51.000000,0.550000,32.000000,22.107706,1.000000,155.384615,600.000000
51.083333,0.545637,31.858203,21.745696,1.000000,154.914581,600.000000
51.166667,0.541276,31.716474,21.382612,1.000000,154.448582,600.000000
51.250000,0.536919,31.574880,21.018464,1.000000,153.986786,600.000000
51.333333,0.532569,31.433488,20.653262,0.250000,29.007338,150.000000
51.416667,0.528227,31.292365,21.034523,0.250000,28.894110,150.000000
51.500000,0.523895,31.151580,21.409789,0.250000,28.782048,150.000000
51.583333,0.519575,31.011198,21.779107,0.250000,28.671189,150.000000
51.666667,0.515270,30.871287,22.142527,0.250000,28.561566,150.000000
51.750000,0.510982,30.731913,22.500100,0.250000,28.453214,150.000000
51.833333,0.506712,30.593143,22.851878,0.250000,28.346162,150.000000
51.916667,0.502463,30.455042,23.197913,1.000000,150.461765,600.000000
52.000000,0.498236,30.317676,22.790756,1.000000,150.044322,600.000000
52.083333,0.494034,30.181111,22.382934,1.000000,149.632428,600.000000
52.166667,0.489859,30.045412,21.974472,1.000000,149.226188,600.000000
52.250000,0.485712,29.910643,21.565394,1.000000,148.825701,600.000000
52.333333,0.481596,29.776869,21.155728,1.000000,148.431064,600.000000
52.416667,0.477512,29.644153,20.745503,0.250000,27.635592,150.000000
52.500000,0.473463,29.512558,21.082252,0.250000,27.539923,150.000000
52.583333,0.469451,29.382147,21.413536,0.250000,27.445782,150.000000
52.666667,0.465476,29.252981,21.739418,0.250000,27.353188,150.000000
52.750000,0.461542,29.125124,22.059967,0.250000,27.262158,150.000000
52.833333,0.457650,28.998634,22.375249,0.250000,27.172710,150.000000
52.916667,0.453802,28.873573,22.685333,0.250000,27.084861,150.000000
53.000000,0.450000,28.750000,22.990288,0.250000,26.998626,150.000000
53.083333,0.446245,28.627974,23.290185,1.000000,145.156085,600.000000
53.166667,0.442540,28.507553,22.837591,1.000000,144.824236,600.000000
53.250000,0.438886,28.388793,22.385049,1.000000,144.499014,600.000000
53.333333,0.435285,28.271753,21.932600,1.000000,144.180467,600.000000
53.416667,0.431738,28.156487,21.480287,1.000000,143.868641,600.000000
53.500000,0.428248,28.043051,21.028151,1.000000,143.563582,600.000000
53.583333,0.424815,27.931497,20.576236,0.250000,26.441332,150.000000
53.666667,0.421442,27.821881,20.872093,0.250000,26.368481,150.000000
53.750000,0.418131,27.714252,21.163295,0.250000,26.297350,150.000000
53.833333,0.414882,27.608664,21.449921,0.250000,26.227947,150.000000
53.916667,0.411697,27.505165,21.732052,0.250000,26.160282,150.000000
54.000000,0.408579,27.403806,22.009770,0.250000,26.094362,150.000000
54.083333,0.405527,27.304634,22.283155,0.250000,26.030192,150.000000
54.166667,0.402545,27.207697,22.552291,0.250000,25.967781,150.000000
54.250000,0.399632,27.113041,22.817260,0.250000,25.907133,150.000000
54.333333,0.396791,27.020711,23.078147,1.000000,140.893015,600.000000
54.416667,0.394023,26.930751,22.587530,1.000000,140.664598,600.000000
54.500000,0.391329,26.843203,22.097965,1.000000,140.443298,600.000000
54.583333,0.388711,26.758110,21.609505,1.000000,140.229132,600.000000
54.666667,0.386170,26.675512,21.122204,1.000000,140.022118,600.000000
54.750000,0.383706,26.595448,20.636113,0.250000,25.580567,150.000000
54.833333,0.381322,26.517956,20.898794,0.250000,25.532400,150.000000
54.916667,0.379018,26.443073,21.157828,0.250000,25.486031,150.000000
55.000000,0.376795,26.370835,21.413305,0.250000,25.441463,150.000000
55.083333,0.374655,26.301276,21.665311,0.250000,25.398698,150.000000
55.166667,0.372598,26.234430,21.913936,0.250000,25.357740,150.000000
55.250000,0.370625,26.170327,22.159269,0.250000,25.318590,150.000000
55.333333,0.368738,26.108999,22.401400,0.250000,25.281250,150.000000
55.416667,0.366938,26.050475,22.640417,0.250000,25.245723,150.000000
55.500000,0.365224,25.994783,22.876410,0.250000,25.212010,150.000000
55.583333,0.363598,25.941949,23.109469,1.000000,138.220447,600.000000
55.666667,0.362061,25.891998,22.592178,1.000000,138.100123,600.000000
55.750000,0.360614,25.844954,22.077098,1.000000,137.987070,600.000000
55.833333,0.359257,25.800840,21.564286,1.000000,137.881294,600.000000
55.916667,0.357990,25.759676,21.053800,1.000000,137.782798,600.000000
56.000000,0.356815,25.721482,20.545695,0.250000,25.047896,150.000000
56.083333,0.355732,25.686277,20.787536,0.250000,25.026915,150.000000
56.166667,0.354741,25.654076,21.026905,0.250000,25.007756,150.000000
56.250000,0.353843,25.624896,21.263894,0.250000,24.990420,150.000000
56.333333,0.353038,25.598750,21.498593,0.250000,24.974908,150.000000
56.416667,0.352328,25.575650,21.731090,0.250000,24.961220,150.000000
56.500000,0.351711,25.555608,21.961477,0.250000,24.949356,150.000000
56.583333,0.351189,25.538634,22.189840,0.250000,24.939316,150.000000
56.666667,0.350761,25.524734,22.416270,0.250000,24.931102,150.000000
56.750000,0.350428,25.513917,22.640854,0.250000,24.924713,150.000000
56.833333,0.350190,25.506187,22.863681,0.250000,24.920149,150.000000
56.916667,0.350048,25.501547,23.084837,1.000000,137.169643,600.000000
57.000000,0.350000,25.500000,22.556905,1.000000,137.165992,600.000000
57.083333,0.350048,25.501547,22.032442,1.000000,137.169643,600.000000
57.166667,0.350190,25.506187,21.511502,1.000000,137.180596,600.000000
57.250000,0.350428,25.513917,20.994138,0.250000,24.924713,150.000000
57.333333,0.350761,25.524734,21.227906,0.250000,24.931102,150.000000
57.416667,0.351189,25.538634,21.460386,0.250000,24.939316,150.000000
57.500000,0.351711,25.555608,21.691663,0.250000,24.949356,150.000000
57.583333,0.352328,25.575650,21.921819,0.250000,24.961220,150.000000
57.666667,0.353038,25.598750,22.150938,0.250000,24.974908,150.000000
57.750000,0.353843,25.624896,22.379101,0.250000,24.990420,150.000000
57.833333,0.354741,25.654076,22.606390,0.250000,25.007756,150.000000
57.916667,0.355732,25.686277,22.832884,0.250000,25.026915,150.000000
58.000000,0.356815,25.721482,23.058663,1.000000,137.691586,600.000000
58.083333,0.357990,25.759676,22.536301,1.000000,137.782798,600.000000
58.166667,0.359257,25.800840,22.018346,1.000000,137.881294,600.000000
58.250000,0.360614,25.844954,21.504842,1.000000,137.987070,600.000000
58.333333,0.362061,25.891998,20.995833,0.250000,25.150031,150.000000
58.416667,0.363598,25.941949,21.238866,0.250000,25.180112,150.000000
58.500000,0.365224,25.994783,21.481509,0.250000,25.212010,150.000000
58.583333,0.366938,26.050475,21.723836,0.250000,25.245723,150.000000
58.666667,0.368738,26.108999,21.965920,0.250000,25.281250,150.000000
58.750000,0.370625,26.170327,22.207830,0.250000,25.318590,150.000000
58.833333,0.372598,26.234430,22.449638,0.250000,25.357740,150.000000
58.916667,0.374655,26.301276,22.691412,0.250000,25.398698,150.000000
59.000000,0.376795,26.370835,22.933219,0.250000,25.441463,150.000000
59.083333,0.379018,26.443073,23.175127,1.000000,139.444123,600.000000
59.166667,0.381322,26.517956,22.669693,1.000000,139.629599,600.000000
59.250000,0.383706,26.595448,22.169455,1.000000,139.822269,600.000000
59.333333,0.386170,26.675512,21.674442,1.000000,140.022118,600.000000
59.416667,0.388711,26.758110,21.184683,1.000000,140.229132,600.000000
59.500000,0.391329,26.843203,20.700204,0.250000,25.735825,150.000000
59.583333,0.394023,26.930751,20.968537,0.250000,25.791150,150.000000
59.666667,0.396791,27.020711,21.237235,0.250000,25.848254,150.000000
59.750000,0.399632,27.113041,21.506355,0.250000,25.907133,150.000000
59.833333,0.402545,27.207697,21.775952,0.250000,25.967781,150.000000
59.916667,0.405527,27.304634,22.046080,0.250000,26.030192,150.000000
60.000000,0.408579,27.403806,22.316791,0.250000,26.094362,150.000000
60.083333,0.411697,27.505165,22.588137,0.250000,26.160282,150.000000
60.166667,0.414882,27.608664,22.860166,0.250000,26.227947,150.000000
60.250000,0.418131,27.714252,23.132927,1.000000,142.689398,600.000000
60.333333,0.421442,27.821881,22.658960,1.000000,142.973923,600.000000
60.416667,0.424815,27.931497,22.190784,1.000000,143.265329,600.000000
60.500000,0.428248,28.043051,21.728407,1.000000,143.563582,600.000000
60.583333,0.431738,28.156487,21.271839,1.000000,143.868641,600.000000
60.666667,0.435285,28.271753,20.821088,0.250000,26.670117,150.000000
60.750000,0.438886,28.388793,21.123666,0.250000,26.749753,150.000000
60.833333,0.442540,28.507553,21.427104,0.250000,26.831059,150.000000
60.916667,0.446245,28.627974,21.731440,0.250000,26.914021,150.000000
61.000000,0.450000,28.750000,22.036708,0.250000,26.998626,150.000000
61.083333,0.453802,28.873573,22.342941,0.250000,27.084861,150.000000
61.166667,0.457650,28.998634,22.650172,0.250000,27.172710,150.000000
61.250000,0.461542,29.125124,22.958429,0.250000,27.262158,150.000000
61.333333,0.465476,29.252981,23.267741,1.000000,146.912750,600.000000
61.416667,0.469451,29.382147,22.830629,1.000000,147.283129,600.000000
61.500000,0.473463,29.512558,22.399590,1.000000,147.659694,600.000000
61.583333,0.477512,29.644153,21.974615,1.000000,148.042366,600.000000
61.666667,0.481596,29.776869,21.555692,1.000000,148.431064,600.000000
61.750000,0.485712,29.910643,21.142809,1.000000,148.825701,600.000000
61.833333,0.489859,30.045412,20.735951,0.250000,27.931547,150.000000
61.916667,0.494034,30.181111,21.082608,0.250000,28.033107,150.000000
62.000000,0.498236,30.317676,21.430291,0.250000,28.136080,150.000000
62.083333,0.502463,30.455042,21.779015,0.250000,28.240441,150.000000
62.166667,0.506712,30.593143,22.128791,0.250000,28.346162,150.000000
62.250000,0.510982,30.731913,22.479631,0.250000,28.453214,150.000000
62.333333,0.515270,30.871287,22.831545,0.250000,28.561566,150.000000
62.416667,0.519575,31.011198,23.184540,1.000000,152.184754,600.000000
62.500000,0.523895,31.151580,22.791116,1.000000,152.628191,600.000000
62.583333,0.528227,31.292365,22.403750,1.000000,153.076438,600.000000
62.666667,0.532569,31.433488,22.022412,1.000000,153.529353,600.000000
62.750000,0.536919,31.574880,21.647070,1.000000,153.986786,600.000000
62.833333,0.541276,31.716474,21.277691,1.000000,154.448582,600.000000
62.916667,0.545637,31.858203,20.914241,0.250000,29.353645,150.000000
63.000000,0.550000,32.000000,21.304187,0.250000,29.471154,150.000000
63.083333,0.554363,32.141797,21.695022,0.250000,29.589628,150.000000
63.166667,0.558724,32.283526,22.086738,0.250000,29.709021,150.000000
63.250000,0.563081,32.425120,22.479329,0.250000,29.829289,150.000000
63.333333,0.567431,32.566512,22.872785,0.250000,29.950380,150.000000
63.416667,0.571773,32.707635,23.267096,1.000000,157.788988,600.000000
63.500000,0.576105,32.848420,22.914743,1.000000,158.279344,600.000000
63.583333,0.580425,32.988802,22.568185,1.000000,158.772376,600.000000
63.666667,0.584730,33.128713,22.227374,1.000000,159.267862,600.000000
63.750000,0.589018,33.268087,21.892260,1.000000,159.765572,600.000000
63.833333,0.593288,33.406857,21.562793,1.000000,160.265272,600.000000
63.916667,0.597537,33.544958,21.238918,1.000000,160.766718,600.000000
64.000000,0.601764,33.682324,20.920584,0.250000,30.942415,150.000000
64.083333,0.605966,33.818889,21.355241,0.250000,31.068459,150.000000
64.166667,0.610141,33.954588,21.790360,0.250000,31.194748,150.000000
64.250000,0.614288,34.089357,22.225917,0.250000,31.321211,150.000000
64.333333,0.618404,34.223131,22.661886,0.250000,31.447781,150.000000
64.416667,0.622488,34.355847,23.098241,1.000000,163.797541,600.000000
64.500000,0.626537,34.487442,22.787447,1.000000,164.303804,600.000000
64.583333,0.630549,34.617853,22.481946,1.000000,164.809614,600.000000
64.666667,0.634524,34.747019,22.181674,1.000000,165.314665,600.000000
64.750000,0.638458,34.874876,21.886567,1.000000,165.818646,600.000000
64.833333,0.642350,35.001366,21.596557,1.000000,166.321239,600.000000
64.916667,0.646198,35.126427,21.311577,1.000000,166.822118,600.000000
65.000000,0.650000,35.250000,21.031559,1.000000,167.320955,600.000000
65.083333,0.653755,35.372026,20.756434,0.250000,32.579353,150.000000
65.166667,0.657460,35.492447,21.233636,0.250000,32.702788,150.000000
65.250000,0.661114,35.611207,21.710621,0.250000,32.825457,150.000000
65.333333,0.664715,35.728247,22.187350,0.250000,32.947271,150.000000
65.416667,0.668262,35.843513,22.663784,0.250000,33.068143,150.000000
65.500000,0.671752,35.956949,23.139879,1.000000,170.251931,600.000000
65.583333,0.675185,36.068503,22.868089,1.000000,170.726797,600.000000
65.666667,0.678558,36.178119,22.600841,1.000000,171.196806,600.000000
65.750000,0.681869,36.285748,22.338059,1.000000,171.661587,600.000000
65.833333,0.685118,36.391336,22.079663,1.000000,172.120772,600.000000
65.916667,0.688303,36.494835,21.825574,1.000000,172.573986,600.000000
66.000000,0.691421,36.596194,21.575712,1.000000,173.020856,600.000000
66.083333,0.694473,36.695366,21.329998,1.000000,173.461007,600.000000
66.166667,0.697455,36.792303,21.088349,1.000000,173.894064,600.000000
66.250000,0.700368,36.886959,20.850685,0.250000,34.204913,150.000000
66.333333,0.703209,36.979289,21.364427,0.250000,34.309349,150.000000
66.416667,0.705977,37.069249,21.877020,0.250000,34.411732,150.000000
66.500000,0.708671,37.156797,22.388415,0.250000,34.511967,150.000000
66.583333,0.711289,37.241890,22.898560,0.250000,34.609965,150.000000
66.666667,0.713830,37.324488,23.407403,1.000000,176.322530,600.000000
66.750000,0.716294,37.404552,23.167385,1.000000,176.695523,600.000000
66.833333,0.718678,37.482044,22.930927,1.000000,177.058481,600.000000
66.916667,0.720982,37.556927,22.697941,1.000000,177.411054,600.000000
67.000000,0.723205,37.629165,22.468340,1.000000,177.752898,600.000000
67.083333,0.725345,37.698724,22.242037,1.000000,178.083675,600.000000
67.166667,0.727402,37.765570,22.018944,1.000000,178.403055,600.000000
67.250000,0.729375,37.829673,21.798974,1.000000,178.710714,600.000000
67.333333,0.731262,37.891001,21.582037,1.000000,179.006339,600.000000
67.416667,0.733062,37.949525,21.368047,1.000000,179.289627,600.000000
67.500000,0.734776,38.005217,21.156915,1.000000,179.560282,600.000000
67.583333,0.736402,38.058051,20.948551,0.250000,35.579505,150.000000
67.666667,0.737939,38.108002,21.490374,0.250000,35.640643,150.000000
67.750000,0.739386,38.155046,22.029822,0.250000,35.698418,150.000000
67.833333,0.740743,38.199160,22.566840,0.250000,35.752769,150.000000
67.916667,0.742010,38.240324,23.101372,1.000000,180.714550,600.000000
68.000000,0.743185,38.278518,22.885857,1.000000,180.903869,600.000000
68.083333,0.744268,38.313723,22.672710,1.000000,181.078828,600.000000
68.166667,0.745259,38.345924,22.461844,1.000000,181.239234,600.000000
68.250000,0.746157,38.375104,22.253169,1.000000,181.384910,600.000000
68.333333,0.746962,38.401250,22.046596,1.000000,181.515694,600.000000
68.416667,0.747672,38.424350,21.842037,1.000000,181.631440,600.000000
68.500000,0.748289,38.444392,21.639404,1.000000,181.732018,600.000000
68.583333,0.748811,38.461366,21.438610,1.000000,181.817316,600.000000
68.666667,0.749239,38.475266,21.239565,1.000000,181.887237,600.000000
68.750000,0.749572,38.486083,21.042185,1.000000,181.941702,600.000000
68.833333,0.749810,38.493813,20.846381,0.250000,36.120162,150.000000
68.916667,0.749952,38.498453,21.399574,0.250000,36.126009,150.000000
69.000000,0.750000,38.500000,21.949204,0.250000,36.127959,150.000000
69.083333,0.749952,38.498453,22.495221,0.250000,36.126009,150.000000
69.166667,0.749810,38.493813,23.037571,1.000000,181.980650,600.000000
69.250000,0.749572,38.486083,22.828699,1.000000,181.941702,600.000000
69.333333,0.749239,38.475266,22.621025,1.000000,181.887237,600.000000
69.416667,0.748811,38.461366,22.414465,1.000000,181.817316,600.000000
69.500000,0.748289,38.444392,22.208937,1.000000,181.732018,600.000000
69.583333,0.747672,38.424350,22.004358,1.000000,181.631440,600.000000
69.666667,0.746962,38.401250,21.800646,1.000000,181.515694,600.000000
69.750000,0.746157,38.375104,21.597722,1.000000,181.384910,600.000000
69.833333,0.745259,38.345924,21.395504,1.000000,181.239234,600.000000
69.916667,0.744268,38.313723,21.193914,1.000000,181.078828,600.000000
70.000000,0.743185,38.278518,20.992874,0.250000,35.850967,150.000000
70.083333,0.742010,38.240324,21.539811,0.250000,35.803637,150.000000
70.166667,0.740743,38.199160,22.082177,0.250000,35.752769,150.000000
70.250000,0.739386,38.155046,22.619929,0.250000,35.698418,150.000000
70.333333,0.737939,38.108002,23.153026,1.000000,180.062571,600.000000
70.416667,0.736402,38.058051,22.933921,1.000000,179.818021,600.000000
70.500000,0.734776,38.005217,22.715047,1.000000,179.560282,600.000000
70.583333,0.733062,37.949525,22.496330,1.000000,179.289627,600.000000
70.666667,0.731262,37.891001,22.277701,1.000000,179.006339,600.000000
70.750000,0.729375,37.829673,22.059088,1.000000,178.710714,600.000000
70.833333,0.727402,37.765570,21.840424,1.000000,178.403055,600.000000
70.916667,0.725345,37.698724,21.621640,1.000000,178.083675,600.000000
71.000000,0.723205,37.629165,21.402669,1.000000,177.752898,600.000000
71.083333,0.720982,37.556927,21.183447,1.000000,177.411054,600.000000
71.166667,0.718678,37.482044,20.963909,0.250000,34.889620,150.000000
71.250000,0.716294,37.404552,21.491498,0.250000,34.798881,150.000000
71.333333,0.713830,37.324488,22.013681,0.250000,34.705633,150.000000
71.416667,0.711289,37.241890,22.530430,0.250000,34.609965,150.000000
71.500000,0.708671,37.156797,23.041718,1.000000,175.547869,600.000000
71.583333,0.705977,37.069249,22.800017,1.000000,175.146926,600.000000
71.666667,0.703209,36.979289,22.557773,1.000000,174.737397,600.000000
71.750000,0.700368,36.886959,22.314932,1.000000,174.319652,600.000000
71.833333,0.697455,36.792303,22.071439,1.000000,173.894064,600.000000
71.916667,0.694473,36.695366,21.827242,1.000000,173.461007,600.000000
72.000000,0.691421,28.596194,21.582290,1.000000,145.068304,600.000000
72.083333,0.688303,28.494835,21.283376,1.000000,144.789312,600.000000
72.166667,0.685118,28.391336,20.983961,0.250000,26.751489,150.000000
72.250000,0.681869,28.285748,21.431502,0.250000,26.679613,150.000000
72.333333,0.678558,28.178119,21.873480,0.250000,26.606755,150.000000
72.416667,0.675185,28.068503,22.309879,0.250000,26.532968,150.000000
72.500000,0.671752,27.956949,22.740690,0.250000,26.458307,150.000000
72.583333,0.668262,27.843513,23.165902,1.000000,143.031299,600.000000
72.666667,0.664715,27.728247,22.838000,1.000000,142.726305,600.000000
72.750000,0.661114,27.611207,22.509448,1.000000,142.418458,600.000000
72.833333,0.657460,27.492447,22.180209,1.000000,142.107970,600.000000
72.916667,0.653755,27.372026,21.850243,1.000000,141.795053,600.000000
73.000000,0.650000,27.250000,21.519515,1.000000,141.479915,600.000000
73.083333,0.646198,27.126427,21.187992,1.000000,141.162766,600.000000
73.166667,0.642350,27.001366,20.855639,0.250000,25.835952,150.000000
73.250000,0.638458,26.874876,21.269932,0.250000,25.755812,150.000000
73.333333,0.634524,26.747019,21.678369,0.250000,25.675321,150.000000
73.416667,0.630549,26.617853,22.080955,0.250000,25.594529,150.000000
73.500000,0.626537,26.487442,22.477698,0.250000,25.513484,150.000000
73.583333,0.622488,26.355847,22.868605,0.250000,25.432236,150.000000
73.666667,0.618404,26.223131,23.253686,1.000000,138.903321,600.000000
73.750000,0.614288,26.089357,22.885446,1.000000,138.577259,600.000000
73.833333,0.610141,25.954588,22.516372,1.000000,138.250939,600.000000
73.916667,0.605966,25.818889,22.146444,1.000000,137.924543,600.000000
74.000000,0.601764,25.682324,21.775644,1.000000,137.598247,600.000000
74.083333,0.597537,25.544958,21.403958,1.000000,137.272223,600.000000
74.166667,0.593288,25.406857,21.031371,1.000000,136.946643,600.000000
74.250000,0.589018,25.268087,20.657872,0.250000,24.780418,150.000000
74.333333,0.584730,25.128713,21.030956,0.250000,24.699369,150.000000
74.416667,0.580425,24.988802,21.398141,0.250000,24.618552,150.000000
74.500000,0.576105,24.848420,21.759454,0.250000,24.538007,150.000000
74.583333,0.571773,24.707635,22.114922,0.250000,24.457771,150.000000
74.666667,0.567431,24.566512,22.464575,0.250000,24.377882,150.000000
74.750000,0.563081,24.425120,22.808442,0.250000,24.298376,150.000000
74.833333,0.558724,24.283526,23.146555,1.000000,134.377149,600.000000
74.916667,0.554363,24.141797,22.731442,1.000000,134.062604,600.000000
75.000000,0.550000,24.000000,22.315611,1.000000,133.750000,600.000000
75.083333,0.545637,23.858203,21.899063,1.000000,133.439467,600.000000
75.166667,0.541276,23.716474,21.481805,1.000000,133.131131,600.000000
75.250000,0.536919,23.574880,21.063842,1.000000,132.825113,600.000000
75.333333,0.532569,23.433488,20.645182,0.250000,23.755383,150.000000
75.416667,0.528227,23.292365,20.973341,0.250000,23.680126,150.000000
75.500000,0.523895,23.151580,21.295857,0.250000,23.605536,150.000000
75.583333,0.519575,23.011198,21.612776,0.250000,23.531638,150.000000
75.666667,0.515270,22.871287,21.924146,0.250000,23.458459,150.000000
75.750000,0.510982,22.731913,22.230014,0.250000,23.386024,150.000000
75.833333,0.506712,22.593143,22.530430,0.250000,23.314359,150.000000
75.916667,0.502463,22.455042,22.825446,0.250000,23.243486,150.000000
76.000000,0.498236,22.317676,23.115113,1.000000,130.193710,600.000000
76.083333,0.494034,22.181111,22.651980,1.000000,129.916828,600.000000
76.166667,0.489859,22.045412,22.188574,1.000000,129.643379,600.000000
76.250000,0.485712,21.910643,21.724918,1.000000,129.373446,600.000000
76.333333,0.481596,21.776869,21.261036,1.000000,129.107107,600.000000
76.416667,0.477512,21.644153,20.796954,0.250000,22.836110,150.000000
76.500000,0.473463,21.512558,21.080206,0.250000,22.771379,150.000000
76.583333,0.469451,21.382147,21.358347,0.250000,22.707601,150.000000
76.666667,0.465476,21.252981,21.631441,0.250000,22.644794,150.000000
76.750000,0.461542,21.125124,21.899551,0.250000,22.582974,150.000000
76.833333,0.457650,20.998634,22.162743,0.250000,22.522155,150.000000
76.916667,0.453802,20.873573,22.421083,0.250000,22.462354,150.000000
77.000000,0.450000,20.750000,22.674638,0.250000,22.403584,150.000000
77.083333,0.446245,20.627974,22.923476,0.250000,22.345860,150.000000
77.166667,0.442540,20.507553,23.167668,1.000000,126.656776,600.000000
77.250000,0.438886,20.388793,22.659777,1.000000,126.434396,600.000000
77.333333,0.435285,20.271753,22.152347,1.000000,126.216348,600.000000
77.416667,0.431738,20.156487,21.645418,1.000000,126.002678,600.000000
77.500000,0.428248,20.043051,21.139029,1.000000,125.793431,600.000000
77.583333,0.424815,19.931497,20.633221,0.250000,22.022162,150.000000
77.666667,0.421442,19.821881,20.875543,0.250000,21.972093,150.000000
77.750000,0.418131,19.714252,21.113566,0.250000,21.923159,150.000000
77.833333,0.414882,19.608664,21.347367,0.250000,21.875371,150.000000
77.916667,0.411697,19.505165,21.577023,0.250000,21.828735,150.000000
78.000000,0.408579,19.403806,21.802615,0.250000,21.783262,150.000000
78.083333,0.405527,19.304634,22.024221,0.250000,21.738959,150.000000
78.166667,0.402545,19.207697,22.241921,0.250000,21.695833,150.000000
78.250000,0.399632,19.113041,22.455797,0.250000,21.653891,150.000000
78.333333,0.396791,19.020711,22.665930,0.250000,21.613140,150.000000
78.416667,0.394023,18.930751,22.872401,0.250000,21.573587,150.000000
78.500000,0.391329,18.843203,23.075293,1.000000,123.640952,600.000000
78.583333,0.388711,18.758110,22.527183,1.000000,123.492392,600.000000
78.666667,0.386170,18.675512,21.980628,1.000000,123.348692,600.000000
78.750000,0.383706,18.595448,21.435678,1.000000,123.209872,600.000000
78.833333,0.381322,18.517956,20.892385,0.250000,21.393988,150.000000
78.916667,0.379018,18.443073,21.098306,0.250000,21.361737,150.000000
79.000000,0.376795,18.370835,21.301021,0.250000,21.330721,150.000000
79.083333,0.374655,18.301276,21.500618,0.250000,21.300942,150.000000
79.166667,0.372598,18.234430,21.697182,0.250000,21.272405,150.000000
79.250000,0.370625,18.170327,21.890799,0.250000,21.245113,150.000000
79.333333,0.368738,18.108999,22.081558,0.250000,21.219070,150.000000
79.416667,0.366938,18.050475,22.269544,0.250000,21.194279,150.000000
79.500000,0.365224,17.994783,22.454845,0.250000,21.170743,150.000000
79.583333,0.363598,17.941949,22.637549,0.250000,21.148464,150.000000
79.666667,0.362061,17.891998,22.817743,0.250000,21.127446,150.000000
79.750000,0.360614,17.844954,22.995514,0.250000,21.107690,150.000000
79.833333,0.359257,17.800840,23.170950,1.000000,121.856796,600.000000
79.916667,0.357990,17.759676,22.596632,1.000000,121.787899,600.000000
80.000000,0.356815,17.721482,22.025120,1.000000,121.724076,600.000000
80.083333,0.355732,17.686277,21.456469,1.000000,121.665336,600.000000
80.166667,0.354741,17.654076,20.890732,0.250000,21.027921,150.000000
80.250000,0.353843,17.624896,21.075470,0.250000,21.015781,150.000000
80.333333,0.353038,17.598750,21.258265,0.250000,21.004915,150.000000
80.416667,0.352328,17.575650,21.439203,0.250000,20.995326,150.000000
80.500000,0.351711,17.555608,21.618373,0.250000,20.987013,150.000000
80.583333,0.351189,17.538634,21.795860,0.250000,20.979977,150.000000
80.666667,0.350761,17.524734,21.971752,0.250000,20.974220,150.000000
80.750000,0.350428,17.513917,22.146134,0.250000,20.969742,150.000000
80.833333,0.350190,17.506187,22.319092,0.250000,20.966543,150.000000
80.916667,0.350048,17.501547,22.490711,0.250000,20.964623,150.000000
81.000000,0.350000,17.500000,22.661076,0.250000,20.963983,150.000000
81.083333,0.350048,17.501547,22.830270,0.250000,20.964623,150.000000
81.166667,0.350190,17.506187,22.998379,0.250000,20.966543,150.000000
81.250000,0.350428,17.513917,23.165484,1.000000,121.378967,600.000000
81.333333,0.350761,17.524734,22.584164,1.000000,121.396881,600.000000
81.416667,0.351189,17.538634,22.006971,1.000000,121.419910,600.000000
81.500000,0.351711,17.555608,21.433954,1.000000,121.448051,600.000000
81.583333,0.352328,17.575650,20.865161,0.250000,20.995326,150.000000
81.666667,0.353038,17.598750,21.048145,0.250000,21.004915,150.000000
81.750000,0.353843,17.624896,21.230480,0.250000,21.015781,150.000000
81.833333,0.354741,17.654076,21.412245,0.250000,21.027921,150.000000
81.916667,0.355732,17.686277,21.593517,0.250000,21.041334,150.000000
82.000000,0.356815,17.721482,21.774376,0.250000,21.056019,150.000000
82.083333,0.357990,17.759676,21.954896,0.250000,21.071975,150.000000
82.166667,0.359257,17.800840,22.135154,0.250000,21.089199,150.000000
82.250000,0.360614,17.844954,22.315224,0.250000,21.107690,150.000000
82.333333,0.362061,17.891998,22.495180,0.250000,21.127446,150.000000
82.416667,0.363598,17.941949,22.675094,0.250000,21.148464,150.000000
82.500000,0.365224,17.994783,22.855038,0.250000,21.170743,150.000000
82.583333,0.366938,18.050475,23.035083,1.000000,122.277116,600.000000
82.666667,0.368738,18.108999,22.467792,1.000000,122.376280,600.000000
82.750000,0.370625,18.170327,21.905707,1.000000,122.480452,600.000000
82.833333,0.372598,18.234430,21.348861,1.000000,122.589619,600.000000
82.916667,0.374655,18.301276,20.797287,0.250000,21.300942,150.000000
83.000000,0.376795,18.370835,20.998524,0.250000,21.330721,150.000000
83.083333,0.379018,18.443073,21.200131,0.250000,21.361737,150.000000
83.166667,0.381322,18.517956,21.402170,0.250000,21.393988,150.000000
83.250000,0.383706,18.595448,21.604703,0.250000,21.427468,150.000000
83.333333,0.386170,18.675512,21.807792,0.250000,21.462173,150.000000
83.416667,0.388711,18.758110,22.011496,0.250000,21.498098,150.000000
83.500000,0.391329,18.843203,22.215873,0.250000,21.535238,150.000000
83.583333,0.394023,18.930751,22.420980,0.250000,21.573587,150.000000
83.666667,0.396791,19.020711,22.626871,0.250000,21.613140,150.000000
83.750000,0.399632,19.113041,22.833602,0.250000,21.653891,150.000000
83.833333,0.402545,19.207697,23.041224,1.000000,124.283331,600.000000
83.916667,0.405527,19.304634,22.502283,1.000000,124.455835,600.000000
84.000000,0.408579,19.403806,21.969302,1.000000,124.633049,600.000000
84.083333,0.411697,19.505165,21.442295,1.000000,124.814942,600.000000
84.166667,0.414882,19.608664,20.921276,0.250000,21.875371,150.000000
84.250000,0.418131,19.714252,21.153764,0.250000,21.923159,150.000000
84.333333,0.421442,19.821881,21.387297,0.250000,21.972093,150.000000
84.416667,0.424815,19.931497,21.621920,0.250000,22.022162,150.000000
84.500000,0.428248,20.043051,21.857672,0.250000,22.073358,150.000000
84.583333,0.431738,20.156487,22.094596,0.250000,22.125670,150.000000
84.666667,0.435285,20.271753,22.332727,0.250000,22.179087,150.000000
84.750000,0.438886,20.388793,22.572105,0.250000,22.233599,150.000000
84.833333,0.442540,20.507553,22.812763,0.250000,22.289194,150.000000
84.916667,0.446245,20.627974,23.054736,1.000000,126.883440,600.000000
85.000000,0.970000,20.750000,22.550550,1.000000,127.114338,600.000000
85.083333,0.970000,20.873573,22.355032,1.000000,127.349416,600.000000
85.166667,0.970000,20.998634,22.161634,1.000000,127.588621,600.000000
85.250000,0.970000,21.125124,21.970353,1.000000,127.831894,600.000000
85.333333,0.970000,21.252981,21.781182,1.000000,128.079176,600.000000
85.416667,0.970000,21.382147,21.594119,1.000000,128.330405,600.000000
85.500000,0.970000,21.512558,21.409156,1.000000,128.585515,600.000000
85.583333,0.970000,21.644153,21.226289,1.000000,128.844439,600.000000
85.666667,0.970000,21.776869,21.045511,1.000000,129.107107,600.000000
85.750000,0.970000,21.910643,20.866817,0.250000,22.968361,150.000000
85.833333,0.970000,22.045412,21.437704,0.250000,23.035845,150.000000
85.916667,0.970000,22.181111,22.005693,0.250000,23.104207,150.000000
86.000000,0.970000,22.317676,22.570810,0.250000,23.173428,150.000000
86.083333,0.970000,22.455042,23.133079,1.000000,130.473942,600.000000
86.166667,0.970000,22.593143,22.945020,1.000000,130.757435,600.000000
86.250000,0.970000,22.731913,22.759128,1.000000,131.044097,600.000000
86.333333,0.970000,22.871287,22.575393,1.000000,131.333835,600.000000
86.416667,0.970000,23.011198,22.393805,1.000000,131.626550,600.000000
86.500000,0.970000,23.151580,22.214353,1.000000,131.922142,600.000000
86.583333,0.970000,23.292365,22.037026,1.000000,132.220506,600.000000
86.666667,0.970000,23.433488,21.861813,1.000000,132.521533,600.000000
86.750000,0.970000,23.574880,21.688702,1.000000,132.825113,600.000000
86.833333,0.970000,23.716474,21.517681,1.000000,133.131131,600.000000
86.916667,0.970000,23.858203,21.348736,1.000000,133.439467,600.000000
87.000000,0.550000,24.000000,21.181856,1.000000,133.750000,600.000000
87.083333,0.554363,24.141797,20.772842,0.250000,24.140651,150.000000
87.166667,0.558724,24.283526,21.117530,0.250000,24.219287,150.000000
87.250000,0.563081,24.425120,21.463405,0.250000,24.298376,150.000000
87.333333,0.567431,24.566512,21.810455,0.250000,24.377882,150.000000
87.416667,0.571773,24.707635,22.158668,0.250000,24.457771,150.000000
87.500000,0.576105,24.848420,22.508030,0.250000,24.538007,150.000000
87.583333,0.580425,24.988802,22.858524,0.250000,24.618552,150.000000
87.666667,0.584730,25.128713,23.210134,1.000000,136.297474,600.000000
87.750000,0.589018,25.268087,22.815334,1.000000,136.621673,600.000000
87.833333,0.593288,25.406857,22.426577,1.000000,136.946643,600.000000
87.916667,0.597537,25.544958,22.043808,1.000000,137.272223,600.000000
88.000000,0.601764,25.682324,21.666969,1.000000,137.598247,600.000000
88.083333,0.605966,25.818889,21.296005,1.000000,137.924543,600.000000
88.166667,0.610141,25.954588,20.930856,0.250000,25.187735,150.000000
88.250000,0.614288,26.089357,21.318969,0.250000,25.269315,150.000000
88.333333,0.618404,26.223131,21.707808,0.250000,25.350830,150.000000
88.416667,0.622488,26.355847,22.097346,0.250000,25.432236,150.000000
88.500000,0.626537,26.487442,22.487552,0.250000,25.513484,150.000000
88.583333,0.630549,26.617853,22.878393,0.250000,25.594529,150.000000
88.666667,0.634524,26.747019,23.269837,1.000000,140.201284,600.000000
88.750000,0.638458,26.874876,22.914343,1.000000,140.523248,600.000000
88.833333,0.642350,27.001366,22.564349,1.000000,140.843809,600.000000
88.916667,0.646198,27.126427,22.219782,1.000000,141.162766,600.000000
89.000000,0.650000,27.250000,21.880574,1.000000,141.479915,600.000000
89.083333,0.653755,27.372026,21.546651,1.000000,141.795053,600.000000
89.166667,0.657460,27.492447,21.217941,1.000000,142.107970,600.000000
89.250000,0.661114,27.611207,20.894369,0.250000,26.229614,150.000000
89.333333,0.664715,27.728247,21.323366,0.250000,26.306576,150.000000
89.416667,0.668262,27.843513,21.752384,0.250000,26.382825,150.000000
89.500000,0.671752,27.956949,22.181380,0.250000,26.458307,150.000000
89.583333,0.675185,28.068503,22.610308,0.250000,26.532968,150.000000
89.666667,0.678558,28.178119,23.039122,1.000000,143.927020,600.000000
89.750000,0.681869,28.285748,22.720272,1.000000,144.218453,600.000000
89.833333,0.685118,28.391336,22.406180,1.000000,144.505956,600.000000
89.916667,0.688303,28.494835,22.096766,1.000000,144.789312,600.000000
90.000000,0.691421,28.596194,21.791947,1.000000,145.068304,600.000000
90.083333,0.694473,28.695366,21.491639,1.000000,145.342717,600.000000
90.166667,0.697455,28.792303,21.195761,1.000000,145.612335,600.000000
90.250000,0.700368,28.886959,20.904226,0.250000,27.094236,150.000000
90.333333,0.703209,28.979289,21.364457,0.250000,27.159083,150.000000
90.416667,0.705977,29.069249,21.823894,0.250000,27.222571,150.000000
90.500000,0.708671,29.156797,22.282486,0.250000,27.284650,150.000000
90.583333,0.711289,29.241890,22.740179,0.250000,27.345266,150.000000
90.666667,0.713830,29.324488,23.196918,1.000000,147.117479,600.000000
90.750000,0.716294,29.404552,22.905143,1.000000,147.347639,600.000000
90.833333,0.718678,29.482044,22.617271,1.000000,147.571350,600.000000
90.916667,0.720982,29.556927,22.333213,1.000000,147.788415,600.000000
91.000000,0.723205,29.629165,22.052880,1.000000,147.998646,600.000000
91.083333,0.725345,29.698724,21.776181,1.000000,148.201855,600.000000
91.166667,0.727402,29.765570,21.503028,1.000000,148.397864,600.000000
91.250000,0.729375,29.829673,21.233330,1.000000,148.586494,600.000000
91.333333,0.731262,29.891001,20.966996,0.250000,27.816894,150.000000
91.416667,0.733062,29.949525,21.451442,0.250000,27.860235,150.000000
91.500000,0.734776,30.005217,21.934105,0.250000,27.901608,150.000000
91.583333,0.736402,30.058051,22.414927,0.250000,27.940974,150.000000
91.666667,0.737939,30.108002,22.893850,0.250000,27.978297,150.000000
91.750000,0.739386,30.155046,23.370817,1.000000,149.554161,600.000000
91.833333,0.740743,30.199160,23.098263,1.000000,149.686688,600.000000
91.916667,0.742010,30.240324,22.828603,1.000000,149.810640,600.000000
92.000000,0.743185,30.278518,22.561744,1.000000,149.925900,600.000000
92.083333,0.744268,30.313723,22.297595,1.000000,150.032356,600.000000
92.166667,0.745259,30.345924,22.036066,1.000000,150.129907,600.000000
92.250000,0.746157,30.375104,21.777063,1.000000,150.218457,600.000000
92.333333,0.746962,30.401250,21.520498,1.000000,150.297920,600.000000
92.416667,0.747672,30.424350,21.266279,1.000000,150.368220,600.000000
92.500000,0.748289,30.444392,21.014316,1.000000,150.429287,600.000000
92.583333,0.748811,30.461366,20.764519,0.250000,28.245265,150.000000
92.666667,0.749239,30.475266,21.264303,0.250000,28.255873,150.000000
92.750000,0.749572,30.486083,21.761108,0.250000,28.264134,150.000000
92.833333,0.749810,30.493813,22.254877,0.250000,28.270041,150.000000
92.916667,0.749952,30.498453,22.745554,0.250000,28.273587,150.000000
93.000000,0.750000,30.500000,23.233086,1.000000,150.599078,600.000000
93.083333,0.749952,30.498453,22.969910,1.000000,150.594348,600.000000
93.166667,0.749810,30.493813,22.708445,1.000000,150.580163,600.000000
93.250000,0.749572,30.486083,22.448604,1.000000,150.556536,600.000000
93.333333,0.749239,30.475266,22.190299,1.000000,150.523491,600.000000
93.416667,0.748811,30.461366,21.933445,1.000000,150.481061,600.000000
93.500000,0.748289,30.444392,21.677957,1.000000,150.429287,600.000000
93.583333,0.747672,30.424350,21.423750,1.000000,150.368220,600.000000
93.666667,0.746962,30.401250,21.170741,1.000000,150.297920,600.000000
93.750000,0.746157,30.375104,20.918846,0.250000,28.179614,150.000000
93.833333,0.745259,30.345924,21.415488,0.250000,28.157477,150.000000
93.916667,0.744268,30.313723,21.908115,0.250000,28.133089,150.000000
94.000000,0.743185,30.278518,22.396679,0.250000,28.106475,150.000000
94.083333,0.742010,30.240324,22.881132,0.250000,28.077660,150.000000
94.166667,0.740743,30.199160,23.361430,1.000000,149.686688,600.000000
94.250000,0.739386,30.155046,23.090021,1.000000,149.554161,600.000000
94.333333,0.737939,30.108002,22.819333,1.000000,149.413187,600.000000
94.416667,0.736402,30.058051,22.549289,1.000000,149.263897,600.000000
94.500000,0.734776,30.005217,22.279815,1.000000,149.106433,600.000000
94.583333,0.733062,29.949525,22.010834,1.000000,148.940941,600.000000
94.666667,0.731262,29.891001,21.742275,1.000000,148.767575,600.000000
94.750000,0.729375,29.829673,21.474064,1.000000,148.586494,600.000000
94.833333,0.727402,29.765570,21.206130,1.000000,148.397864,600.000000
94.916667,0.725345,29.698724,20.938405,0.250000,27.675464,150.000000
95.000000,0.723205,29.629165,21.418323,0.250000,27.624661,150.000000
95.083333,0.720982,29.556927,21.893347,0.250000,27.572104,150.000000
95.166667,0.718678,29.482044,22.363442,0.250000,27.517837,150.000000
95.250000,0.716294,29.404552,22.828576,0.250000,27.461910,150.000000
95.333333,0.713830,29.324488,23.288718,1.000000,147.117479,600.000000
95.416667,0.711289,29.241890,22.996334,1.000000,146.881065,600.000000
95.500000,0.708671,29.156797,22.703865,1.000000,146.638600,600.000000
95.583333,0.705977,29.069249,22.411252,1.000000,146.390286,600.000000
95.666667,0.703209,28.979289,22.118436,1.000000,146.136331,600.000000
95.750000,0.700368,28.886959,21.825358,1.000000,145.876943,600.000000
95.833333,0.697455,28.792303,21.531963,1.000000,145.612335,600.000000
95.916667,0.694473,28.695366,21.238194,1.000000,145.342717,600.000000
96.000000,0.691421,36.596194,20.944000,0.250000,33.880214,150.000000
96.083333,0.688303,36.494835,21.449988,0.250000,33.768496,150.000000
96.166667,0.685118,36.391336,21.950128,0.250000,33.655193,150.000000
96.250000,0.681869,36.285748,22.444405,0.250000,33.540397,150.000000
96.333333,0.678558,36.178119,22.932808,0.250000,33.424201,150.000000
96.416667,0.675185,36.068503,23.415325,1.000000,170.726797,600.000000
96.500000,0.671752,35.956949,23.144442,1.000000,170.251931,600.000000
96.583333,0.668262,35.843513,22.872621,1.000000,169.772573,600.000000
96.666667,0.664715,35.728247,22.599823,1.000000,169.289085,600.000000
96.750000,0.661114,35.611207,22.326010,1.000000,168.801827,600.000000
96.833333,0.657460,35.492447,22.051146,1.000000,168.311153,600.000000
96.916667,0.653755,35.372026,21.775193,1.000000,167.817413,600.000000
97.000000,0.650000,35.250000,21.498120,1.000000,167.320955,600.000000
97.083333,0.646198,35.126427,21.219895,1.000000,166.822118,600.000000
97.166667,0.642350,35.001366,20.940486,0.250000,32.205310,150.000000
97.250000,0.638458,34.874876,21.407371,0.250000,32.079662,150.000000
97.333333,0.634524,34.747019,21.868051,0.250000,31.953666,150.000000
97.416667,0.630549,34.617853,22.322533,0.250000,31.827403,150.000000
97.500000,0.626537,34.487442,22.770826,0.250000,31.700951,150.000000
97.583333,0.622488,34.355847,23.212941,1.000000,163.797541,600.000000
97.666667,0.618404,34.223131,22.901385,1.000000,163.291124,600.000000
97.750000,0.614288,34.089357,22.588642,1.000000,162.784846,600.000000
97.833333,0.610141,33.954588,22.274696,1.000000,162.278991,600.000000
97.916667,0.605966,33.818889,21.959529,1.000000,161.773838,600.000000
98.000000,0.601764,33.682324,21.643128,1.000000,161.269659,600.000000
98.083333,0.597537,33.544958,21.325478,1.000000,160.766718,600.000000
98.166667,0.593288,33.406857,21.006569,1.000000,160.265272,600.000000
98.250000,0.589018,33.268087,20.686390,0.250000,30.566393,150.000000
98.333333,0.584730,33.128713,21.112440,0.250000,30.441965,150.000000
98.416667,0.580425,32.988802,21.532240,0.250000,30.318094,150.000000
98.500000,0.576105,32.848420,21.945818,0.250000,30.194836,150.000000
98.583333,0.571773,32.707635,22.353204,0.250000,30.072247,150.000000
98.666667,0.567431,32.566512,22.754429,0.250000,29.950380,150.000000
98.750000,0.563081,32.425120,23.149526,1.000000,156.817154,600.000000
98.833333,0.558724,32.283526,22.791024,1.000000,156.336086,600.000000
98.916667,0.554363,32.141797,22.431429,1.000000,155.858510,600.000000
99.000000,0.550000,32.000000,22.070747,1.000000,155.384615,600.000000
99.083333,0.545637,31.858203,21.708983,1.000000,154.914581,600.000000
99.166667,0.541276,31.716474,21.346143,1.000000,154.448582,600.000000
99.250000,0.536919,31.574880,20.982237,0.250000,29.121696,150.000000
99.333333,0.532569,31.433488,21.364782,0.250000,29.007338,150.000000
99.416667,0.528227,31.292365,21.741315,0.250000,28.894110,150.000000
99.500000,0.523895,31.151580,22.111884,0.250000,28.782048,150.000000
99.583333,0.519575,31.011198,22.476537,0.250000,28.671189,150.000000
99.666667,0.515270,30.871287,22.835323,0.250000,28.561566,150.000000
99.750000,0.510982,30.731913,23.188293,1.000000,151.312854,600.000000
99.833333,0.506712,30.593143,22.787992,1.000000,150.884647,600.000000
99.916667,0.502463,30.455042,22.386947,1.000000,150.461765,600.000000
100.000000,0.498236,30.317676,21.985178,1.000000,150.044322,600.000000
100.083333,0.494034,30.181111,21.582709,1.000000,149.632428,600.000000
100.166667,0.489859,30.045412,21.179564,1.000000,149.226188,600.000000
100.250000,0.485712,29.910643,20.775768,0.250000,27.831425,150.000000
100.333333,0.481596,29.776869,21.118854,0.250000,27.732766,150.000000
100.416667,0.477512,29.644153,21.456379,0.250000,27.635592,150.000000
100.500000,0.473463,29.512558,21.788405,0.250000,27.539923,150.000000
100.583333,0.469451,29.382147,22.114996,0.250000,27.445782,150.000000
100.666667,0.465476,29.252981,22.436218,0.250000,27.353188,150.000000
100.750000,0.461542,29.125124,22.752137,0.250000,27.262158,150.000000
100.833333,0.457650,28.998634,23.062820,1.000000,146.190839,600.000000
100.916667,0.453802,28.873573,22.620830,1.000000,145.839443,600.000000
101.000000,0.450000,28.750000,22.178708,1.000000,145.494505,600.000000
101.083333,0.446245,28.627974,21.736492,1.000000,145.156085,600.000000
101.166667,0.442540,28.507553,21.294221,1.000000,144.824236,600.000000
101.250000,0.438886,28.388793,20.851934,0.250000,26.749753,150.000000
101.333333,0.435285,28.271753,21.157178,0.250000,26.670117,150.000000
101.416667,0.431738,28.156487,21.457523,0.250000,26.592160,150.000000
101.500000,0.428248,28.043051,21.753043,0.250000,26.515895,150.000000
101.583333,0.424815,27.931497,22.043818,0.250000,26.441332,150.000000
101.666667,0.421442,27.821881,22.329923,0.250000,26.368481,150.000000
101.750000,0.418131,27.714252,22.611438,0.250000,26.297350,150.000000
101.833333,0.414882,27.608664,22.888442,0.250000,26.227947,150.000000
101.916667,0.411697,27.505165,23.161015,1.000000,142.141130,600.000000
102.000000,0.408579,27.403806,22.681732,1.000000,141.877447,600.000000
102.083333,0.405527,27.304634,22.203147,1.000000,141.620769,600.000000
102.166667,0.402545,27.207697,21.725309,1.000000,141.371122,600.000000
102.250000,0.399632,27.113041,21.248268,1.000000,141.128530,600.000000
102.333333,0.396791,27.020711,20.772074,0.250000,25.848254,150.000000
102.416667,0.394023,26.930751,21.044285,0.250000,25.791150,150.000000
102.500000,0.391329,26.843203,21.312480,0.250000,25.735825,150.000000
102.583333,0.388711,26.758110,21.576745,0.250000,25.682283,150.000000
102.666667,0.386170,26.675512,21.837167,0.250000,25.630529,150.000000
102.750000,0.383706,26.595448,22.093831,0.250000,25.580567,150.000000
102.833333,0.381322,26.517956,22.346826,0.250000,25.532400,150.000000
102.916667,0.379018,26.443073,22.596239,0.250000,25.486031,150.000000
103.000000,0.376795,26.370835,22.842158,0.250000,25.441463,150.000000
103.083333,0.374655,26.301276,23.084670,1.000000,139.094792,600.000000
103.166667,0.372598,26.234430,22.576359,1.000000,138.930959,600.000000
103.250000,0.370625,26.170327,22.069785,1.000000,138.774360,600.000000
103.333333,0.368738,26.108999,21.565005,1.000000,138.625002,600.000000
103.416667,0.366938,26.050475,21.062074,1.000000,138.482893,600.000000
103.500000,0.365224,25.994783,20.561049,0.250000,25.212010,150.000000
103.583333,0.363598,25.941949,20.809492,0.250000,25.180112,150.000000
103.666667,0.362061,25.891998,21.054988,0.250000,25.150031,150.000000
103.750000,0.360614,25.844954,21.297628,0.250000,25.121767,150.000000
103.833333,0.359257,25.800840,21.537501,0.250000,25.095323,150.000000
103.916667,0.357990,25.759676,21.774698,0.250000,25.070699,150.000000
104.000000,0.356815,25.721482,22.009309,0.250000,25.047896,150.000000
104.083333,0.355732,25.686277,22.241425,0.250000,25.026915,150.000000
104.166667,0.354741,25.654076,22.471134,0.250000,25.007756,150.000000
104.250000,0.353843,25.624896,22.698527,0.250000,24.990420,150.000000
104.333333,0.353038,25.598750,22.923693,0.250000,24.974908,150.000000
104.416667,0.352328,25.575650,23.146721,1.000000,137.344878,600.000000
104.500000,0.351711,25.555608,22.620196,1.000000,137.297422,600.000000
104.583333,0.351189,25.538634,22.096677,1.000000,137.257265,600.000000
104.666667,0.350761,25.524734,21.576220,1.000000,137.224408,600.000000
104.750000,0.350428,25.513917,21.058881,1.000000,137.198851,600.000000
104.833333,0.350190,25.506187,20.544713,0.250000,24.920149,150.000000
104.916667,0.350048,25.501547,20.781278,0.250000,24.917411,150.000000
105.000000,0.350000,25.500000,21.016157,0.250000,24.916498,150.000000
105.083333,0.350048,25.501547,21.249437,0.250000,24.917411,150.000000
105.166667,0.350190,25.506187,21.481206,0.250000,24.920149,150.000000
105.250000,0.350428,25.513917,21.711548,0.250000,24.924713,150.000000
105.333333,0.350761,25.524734,21.940550,0.250000,24.931102,150.000000
105.416667,0.351189,25.538634,22.168295,0.250000,24.939316,150.000000
105.500000,0.351711,25.555608,22.394868,0.250000,24.949356,150.000000
105.583333,0.352328,25.575650,22.620352,0.250000,24.961220,150.000000
105.666667,0.353038,25.598750,22.844829,0.250000,24.974908,150.000000
105.750000,0.353843,25.624896,23.068382,1.000000,137.461681,600.000000
105.833333,0.354741,25.654076,22.543585,1.000000,137.531025,600.000000
105.916667,0.355732,25.686277,22.022991,1.000000,137.607660,600.000000
106.000000,0.356815,25.721482,21.506646,1.000000,137.691586,600.000000
106.083333,0.357990,25.759676,20.994595,0.250000,25.070699,150.000000
106.166667,0.359257,25.800840,21.234390,0.250000,25.095323,150.000000
106.250000,0.360614,25.844954,21.473601,0.250000,25.121767,150.000000
106.333333,0.362061,25.891998,21.712305,0.250000,25.150031,150.000000
106.416667,0.363598,25.941949,21.950577,0.250000,25.180112,150.000000
106.500000,0.365224,25.994783,22.188491,0.250000,25.212010,150.000000
106.583333,0.366938,26.050475,22.426121,0.250000,25.245723,150.000000
106.666667,0.368738,26.108999,22.663538,0.250000,25.281250,150.000000
106.750000,0.370625,26.170327,22.900813,0.250000,25.318590,150.000000
106.833333,0.372598,26.234430,23.138017,1.000000,138.930959,600.000000
106.916667,0.374655,26.301276,22.627711,1.000000,139.094792,600.000000
107.000000,0.376795,26.370835,22.122436,1.000000,139.265850,600.000000
107.083333,0.379018,26.443073,21.622225,1.000000,139.444123,600.000000
107.166667,0.381322,26.517956,21.127110,1.000000,139.629599,600.000000
107.250000,0.383706,26.595448,20.637122,0.250000,25.580567,150.000000
107.333333,0.386170,26.675512,20.899796,0.250000,25.630529,150.000000
107.416667,0.388711,26.758110,21.162689,0.250000,25.682283,150.000000
107.500000,0.391329,26.843203,21.425862,0.250000,25.735825,150.000000
107.583333,0.394023,26.930751,21.689373,0.250000,25.791150,150.000000
107.666667,0.396791,27.020711,21.953282,0.250000,25.848254,150.000000
107.750000,0.399632,27.113041,22.217644,0.250000,25.907133,150.000000
107.833333,0.402545,27.207697,22.482515,0.250000,25.967781,150.000000
107.916667,0.405527,27.304634,22.747948,0.250000,26.030192,150.000000
108.000000,0.408579,27.403806,23.013996,1.000000,141.877447,600.000000
108.083333,0.411697,27.505165,22.533203,1.000000,142.141130,600.000000
108.166667,0.414882,27.608664,22.058092,1.000000,142.411790,600.000000
108.250000,0.418131,27.714252,21.588676,1.000000,142.689398,600.000000
108.333333,0.421442,27.821881,21.124971,1.000000,142.973923,600.000000
108.416667,0.424815,27.931497,20.666987,0.250000,26.441332,150.000000
108.500000,0.428248,28.043051,20.962240,0.250000,26.515895,150.000000
108.583333,0.431738,28.156487,21.258269,0.250000,26.592160,150.000000
108.666667,0.435285,28.271753,21.555114,0.250000,26.670117,150.000000
108.750000,0.438886,28.388793,21.852814,0.250000,26.749753,150.000000
108.833333,0.442540,28.507553,22.151408,0.250000,26.831059,150.000000
108.916667,0.446245,28.627974,22.450931,0.250000,26.914021,150.000000
109.000000,0.970000,28.750000,22.751418,0.250000,26.998626,150.000000
109.083333,0.970000,28.873573,23.355227,1.000000,145.839443,600.000000
109.166667,0.970000,28.998634,23.208339,1.000000,146.190839,600.000000
109.250000,0.970000,29.125124,23.063259,1.000000,146.548630,600.000000
109.333333,0.970000,29.252981,22.919983,1.000000,146.912750,600.000000
109.416667,0.970000,29.382147,22.778508,1.000000,147.283129,600.000000
109.500000,0.970000,29.512558,22.638832,1.000000,147.659694,600.000000
109.583333,0.970000,29.644153,22.500950,1.000000,148.042366,600.000000
109.666667,0.970000,29.776869,22.364859,1.000000,148.431064,600.000000
109.750000,0.970000,29.910643,22.230554,1.000000,148.825701,600.000000
109.833333,0.970000,30.045412,22.098030,1.000000,149.226188,600.000000
109.916667,0.970000,30.181111,21.967282,1.000000,149.632428,600.000000
110.000000,0.970000,30.317676,21.838305,1.000000,150.044322,600.000000
110.083333,0.970000,30.455042,21.711092,1.000000,150.461765,600.000000
110.166667,0.970000,30.593143,21.585637,1.000000,150.884647,600.000000
110.250000,0.970000,30.731913,21.461933,1.000000,151.312854,600.000000
110.333333,0.970000,30.871287,21.339973,1.000000,151.746265,600.000000
110.416667,0.970000,31.011198,21.219750,1.000000,152.184754,600.000000
110.500000,0.970000,31.151580,21.101255,1.000000,152.628191,600.000000
110.583333,0.970000,31.292365,20.984480,0.250000,28.894110,150.000000
110.666667,0.970000,31.433488,21.616922,0.250000,29.007338,150.000000
110.750000,0.970000,31.574880,22.246100,0.250000,29.121696,150.000000
110.833333,0.970000,31.716474,22.872036,0.250000,29.237146,150.000000
110.916667,0.970000,31.858203,23.494754,1.000000,154.914581,600.000000
111.000000,0.550000,32.000000,23.366771,1.000000,155.384615,600.000000
111.083333,0.554363,32.141797,22.996395,1.000000,155.858510,600.000000
111.166667,0.558724,32.283526,22.631959,1.000000,156.336086,600.000000
111.250000,0.563081,32.425120,22.273422,1.000000,156.817154,600.000000
111.333333,0.567431,32.566512,21.920740,1.000000,157.301522,600.000000
111.416667,0.571773,32.707635,21.573871,1.000000,157.788988,600.000000
111.500000,0.576105,32.848420,21.232769,1.000000,158.279344,600.000000
111.583333,0.580425,32.988802,20.897387,0.250000,30.318094,150.000000
111.666667,0.584730,33.128713,21.315183,0.250000,30.441965,150.000000
111.750000,0.589018,33.268087,21.733636,0.250000,30.566393,150.000000
111.833333,0.593288,33.406857,22.152728,0.250000,30.691318,150.000000
111.916667,0.597537,33.544958,22.572439,0.250000,30.816679,150.000000
112.000000,0.601764,33.682324,22.992750,0.250000,30.942415,150.000000
112.083333,0.605966,33.818889,23.413638,1.000000,161.773838,600.000000
112.166667,0.610141,33.954588,23.087575,1.000000,162.278991,600.000000
112.250000,0.614288,34.089357,22.767007,1.000000,162.784846,600.000000
112.333333,0.618404,34.223131,22.451876,1.000000,163.291124,600.000000
112.416667,0.622488,34.355847,22.142120,1.000000,163.797541,600.000000
112.500000,0.626537,34.487442,21.837679,1.000000,164.303804,600.000000
112.583333,0.630549,34.617853,21.538489,1.000000,164.809614,600.000000
112.666667,0.634524,34.747019,21.244486,1.000000,165.314665,600.000000
112.750000,0.638458,34.874876,20.955606,0.250000,32.079662,150.000000
112.833333,0.642350,35.001366,21.419287,0.250000,32.205310,150.000000
112.916667,0.646198,35.126427,21.882991,0.250000,32.330530,150.000000
113.000000,0.650000,35.250000,22.346682,0.250000,32.455239,150.000000
113.083333,0.653755,35.372026,22.810323,0.250000,32.579353,150.000000
113.166667,0.657460,35.492447,23.273878,1.000000,168.311153,600.000000
113.250000,0.661114,35.611207,22.989801,1.000000,168.801827,600.000000
113.333333,0.664715,35.728247,22.710526,1.000000,169.289085,600.000000
113.416667,0.668262,35.843513,22.435977,1.000000,169.772573,600.000000
113.500000,0.671752,35.956949,22.166081,1.000000,170.251931,600.000000
113.583333,0.675185,36.068503,21.900761,1.000000,170.726797,600.000000
113.666667,0.678558,36.178119,21.639941,1.000000,171.196806,600.000000
113.750000,0.681869,36.285748,21.383543,1.000000,171.661587,600.000000
113.833333,0.685118,36.391336,21.131489,1.000000,172.120772,600.000000
113.916667,0.688303,36.494835,20.883700,0.250000,33.768496,150.000000
114.000000,0.691421,36.596194,21.387603,0.250000,33.880214,150.000000
114.083333,0.694473,36.695366,21.890644,0.250000,33.990252,150.000000
114.166667,0.697455,36.792303,22.392776,0.250000,34.098516,150.000000
114.250000,0.700368,36.886959,22.893949,0.250000,34.204913,150.000000
114.333333,0.703209,36.979289,23.394115,1.000000,174.737397,600.000000
114.416667,0.705977,37.069249,23.145717,1.000000,175.146926,600.000000
114.500000,0.708671,37.156797,22.901176,1.000000,175.547869,600.000000
114.583333,0.711289,37.241890,22.660408,1.000000,175.939859,600.000000
114.666667,0.713830,37.324488,22.423328,1.000000,176.322530,600.000000
114.750000,0.716294,37.404552,22.189849,1.000000,176.695523,600.000000
114.833333,0.718678,37.482044,21.959886,1.000000,177.058481,600.000000
114.916667,0.720982,37.556927,21.733352,1.000000,177.411054,600.000000
115.000000,0.723205,37.629165,21.510160,1.000000,177.752898,600.000000
115.083333,0.725345,37.698724,21.290224,1.000000,178.083675,600.000000
115.166667,0.727402,37.765570,21.073455,1.000000,178.403055,600.000000
115.250000,0.729375,37.829673,20.859767,0.250000,35.302678,150.000000
115.333333,0.731262,37.891001,21.396577,0.250000,35.376585,150.000000
115.416667,0.733062,37.949525,21.931325,0.250000,35.447407,150.000000
115.500000,0.734776,38.005217,22.463955,0.250000,35.515070,150.000000
115.583333,0.736402,38.058051,22.994412,0.250000,35.579505,150.000000
115.666667,0.737939,38.108002,23.522642,1.000000,180.062571,600.000000
115.750000,0.739386,38.155046,23.301081,1.000000,180.293673,600.000000
115.833333,0.740743,38.199160,23.082146,1.000000,180.511077,600.000000
115.916667,0.742010,38.240324,22.865749,1.000000,180.714550,600.000000
116.000000,0.743185,38.278518,22.651799,1.000000,180.903869,600.000000
116.083333,0.744268,38.313723,22.440208,1.000000,181.078828,600.000000
116.166667,0.745259,38.345924,22.230887,1.000000,181.239234,600.000000
116.250000,0.746157,38.375104,22.023746,1.000000,181.384910,600.000000
116.333333,0.746962,38.401250,21.818697,1.000000,181.515694,600.000000
116.416667,0.747672,38.424350,21.615653,1.000000,181.631440,600.000000
116.500000,0.748289,38.444392,21.414524,1.000000,181.732018,600.000000
116.583333,0.748811,38.461366,21.215224,1.000000,181.817316,600.000000
116.666667,0.749239,38.475266,21.017664,1.000000,181.887237,600.000000
116.750000,0.749572,38.486083,20.821758,0.250000,36.110425,150.000000
116.833333,0.749810,38.493813,21.374924,0.250000,36.120162,150.000000
116.916667,0.749952,38.498453,21.924605,0.250000,36.126009,150.000000
117.000000,0.750000,38.500000,22.470747,0.250000,36.127959,150.000000
117.083333,0.749952,38.498453,23.013298,1.000000,182.004036,600.000000
117.166667,0.749810,38.493813,22.804701,1.000000,181.980650,600.000000
117.250000,0.749572,38.486083,22.597376,1.000000,181.941702,600.000000
117.333333,0.749239,38.475266,22.391238,1.000000,181.887237,600.000000
117.416667,0.748811,38.461366,22.186205,1.000000,181.817316,600.000000
117.500000,0.748289,38.444392,21.982194,1.000000,181.732018,600.000000
117.583333,0.747672,38.424350,21.779121,1.000000,181.631440,600.000000
117.666667,0.746962,38.401250,21.576907,1.000000,181.515694,600.000000
117.750000,0.746157,38.375104,21.375469,1.000000,181.384910,600.000000
117.833333,0.745259,38.345924,21.174728,1.000000,181.239234,600.000000
117.916667,0.744268,38.313723,20.974605,0.250000,35.894707,150.000000
118.000000,0.743185,38.278518,21.522527,0.250000,35.850967,150.000000
118.083333,0.742010,38.240324,22.065945,0.250000,35.803637,150.000000
118.166667,0.740743,38.199160,22.604815,0.250000,35.752769,150.000000
118.250000,0.739386,38.155046,23.139095,1.000000,180.293673,600.000000
118.333333,0.737939,38.108002,22.921237,1.000000,180.062571,600.000000
118.416667,0.736402,38.058051,22.703672,1.000000,179.818021,600.000000
118.500000,0.734776,38.005217,22.486327,1.000000,179.560282,600.000000
118.583333,0.733062,37.949525,22.269131,1.000000,179.289627,600.000000
118.666667,0.731262,37.891001,22.052011,1.000000,179.006339,600.000000
118.750000,0.729375,37.829673,21.834898,1.000000,178.710714,600.000000
118.833333,0.727402,37.765570,21.617723,1.000000,178.403055,600.000000
118.916667,0.725345,37.698724,21.400418,1.000000,178.083675,600.000000
119.000000,0.723205,37.629165,21.182917,1.000000,177.752898,600.000000
119.083333,0.720982,37.556927,20.965155,0.250000,34.977764,150.000000
119.166667,0.718678,37.482044,21.494574,0.250000,34.889620,150.000000
119.250000,0.716294,37.404552,22.018637,0.250000,34.798881,150.000000
119.333333,0.713830,37.324488,22.537317,0.250000,34.705633,150.000000
119.416667,0.711289,37.241890,23.050586,1.000000,175.939859,600.000000
119.500000,0.708671,37.156797,22.810913,1.000000,175.547869,600.000000
119.583333,0.705977,37.069249,22.570745,1.000000,175.146926,600.000000
119.666667,0.703209,36.979289,22.330025,1.000000,174.737397,600.000000
119.750000,0.700368,36.886959,22.088697,1.000000,174.319652,600.000000
119.833333,0.697455,36.792303,21.846708,1.000000,173.894064,600.000000
119.916667,0.694473,36.695366,21.604004,1.000000,173.461007,600.000000
